[p3hdcmp] node=a3ultravis-a3ultranodeset-1 date=Sun Jul 19 15:31:32 KST 2026
[p3hdcmp] headcam=/weka/jungbin/cosmos_motion_ft_runs/ja_phase3_bridge_v2m_m2v_native_p1ema100k_p2native200k_headcam/ckpt_step040000.pt
[p3hdcmp] baseline_latest=/weka/jungbin/cosmos_motion_ft_runs/ja_phase3_bridge_v2m_m2v_native_p1ema100k_p2native200k/ckpt_step200000.pt
[p3hdcmp] baseline_same_step=/weka/jungbin/cosmos_motion_ft_runs/ja_phase3_bridge_v2m_m2v_native_p1ema100k_p2native200k/ckpt_step040000.pt
[p3hdcmp] contract=full71+replacement5 T97 seed0 CFG1 native-UniPC30
[p3hdcmp] V2M and M2V visualization=all windows
0, 66471 MiB, 76686 MiB, 70 %
1, 65743 MiB, 77414 MiB, 0 %
2, 65329 MiB, 77828 MiB, 85 %
3, 66033 MiB, 77124 MiB, 97 %
4, 65823 MiB, 77334 MiB, 61 %
5, 66123 MiB, 77034 MiB, 95 %
6, 66803 MiB, 76354 MiB, 74 %
7, 66245 MiB, 76912 MiB, 96 %
[p3hdcmp] START gpu=4 n=71 output=/weka/jungbin/cosmos_motion_ft_runs/ja_phase3_bridge_v2m_m2v_native_p1ema100k_p2native200k/eval_full71_step040000_unipc30 date=Sun Jul 19 15:31:33 KST 2026
[p3hdcmp] START gpu=0 n=71 output=/weka/jungbin/cosmos_motion_ft_runs/ja_phase3_bridge_v2m_m2v_native_p1ema100k_p2native200k_headcam/eval_full71_step040000_unipc30 date=Sun Jul 19 15:31:33 KST 2026
[p3hdcmp] START gpu=2 n=71 output=/weka/jungbin/cosmos_motion_ft_runs/ja_phase3_bridge_v2m_m2v_native_p1ema100k_p2native200k/eval_full71_step200000_unipc30 date=Sun Jul 19 15:31:33 KST 2026
[p3hdcmp] START gpu=5 n=5 output=/weka/jungbin/cosmos_motion_ft_runs/ja_phase3_bridge_v2m_m2v_native_p1ema100k_p2native200k_headcam/eval_motion_clean_replacement5_step040000_unipc30 date=Sun Jul 19 15:31:33 KST 2026
[p3hdcmp] START gpu=3 n=5 output=/weka/jungbin/cosmos_motion_ft_runs/ja_phase3_bridge_v2m_m2v_native_p1ema100k_p2native200k/eval_motion_clean_replacement5_step200000_unipc30 date=Sun Jul 19 15:31:33 KST 2026
[p3hdcmp] START gpu=1 n=5 output=/weka/jungbin/cosmos_motion_ft_runs/ja_phase3_bridge_v2m_m2v_native_p1ema100k_p2native200k/eval_motion_clean_replacement5_step040000_unipc30 date=Sun Jul 19 15:31:33 KST 2026
[eval_all] out_root=/weka/jungbin/cosmos_motion_ft_runs/ja_phase3_bridge_v2m_m2v_native_p1ema100k_p2native200k/eval_full71_step040000_unipc30  tasks=['video2motion', 'motimg2video']
[eval_all] out_root=/weka/jungbin/cosmos_motion_ft_runs/ja_phase3_bridge_v2m_m2v_native_p1ema100k_p2native200k_headcam/eval_motion_clean_replacement5_step040000_unipc30  tasks=['video2motion', 'motimg2video']
[eval_all] out_root=/weka/jungbin/cosmos_motion_ft_runs/ja_phase3_bridge_v2m_m2v_native_p1ema100k_p2native200k/eval_motion_clean_replacement5_step040000_unipc30  tasks=['video2motion', 'motimg2video']
[eval_all] out_root=/weka/jungbin/cosmos_motion_ft_runs/ja_phase3_bridge_v2m_m2v_native_p1ema100k_p2native200k/eval_motion_clean_replacement5_step200000_unipc30  tasks=['video2motion', 'motimg2video']
[eval_all] out_root=/weka/jungbin/cosmos_motion_ft_runs/ja_phase3_bridge_v2m_m2v_native_p1ema100k_p2native200k_headcam/eval_full71_step040000_unipc30  tasks=['video2motion', 'motimg2video']
[eval_all] out_root=/weka/jungbin/cosmos_motion_ft_runs/ja_phase3_bridge_v2m_m2v_native_p1ema100k_p2native200k/eval_full71_step200000_unipc30  tasks=['video2motion', 'motimg2video']
[load] remapped=814 loaded=808 skipped(shape/miss)=6 | net _moe_gen params=397 loaded _moe_gen=397
[07-19 15:32:23|INFO|cosmos_framework/data/vfm/processors/base.py:122:__init__] Successfully loaded processor from local cache
[load] remapped=814 loaded=808 skipped(shape/miss)=6 | net _moe_gen params=397 loaded _moe_gen=397
[07-19 15:32:23|INFO|cosmos_framework/data/vfm/processors/base.py:122:__init__] Successfully loaded processor from local cache
[load] remapped=814 loaded=808 skipped(shape/miss)=6 | net _moe_gen params=397 loaded _moe_gen=397
[07-19 15:32:23|INFO|cosmos_framework/data/vfm/processors/base.py:122:__init__] Successfully loaded processor from local cache
[load] remapped=814 loaded=808 skipped(shape/miss)=6 | net _moe_gen params=397 loaded _moe_gen=397
[07-19 15:32:23|INFO|cosmos_framework/data/vfm/processors/base.py:122:__init__] Successfully loaded processor from local cache
[load] remapped=814 loaded=808 skipped(shape/miss)=6 | net _moe_gen params=397 loaded _moe_gen=397
[07-19 15:32:23|INFO|cosmos_framework/data/vfm/processors/base.py:122:__init__] Successfully loaded processor from local cache
[load] remapped=814 loaded=808 skipped(shape/miss)=6 | net _moe_gen params=397 loaded _moe_gen=397
[07-19 15:32:23|INFO|cosmos_framework/data/vfm/processors/base.py:122:__init__] Successfully loaded processor from local cache
[FrozenCosmos] layers=36 hidden=4096 heads=32 kv_heads=8 head_dim=128 params=15.18B (all frozen)
[sample] overriding checkpoint native motion solver 'euler' -> 'unipc'; weights/schedule unchanged
[07-19 15:32:23|INFO|cosmos_framework/utils/vfm/lora.py:129:inject_lora_pre_fsdp] Injecting LoRA on meta device: rank=16, alpha=32, targets=['q_proj_moe_gen', 'k_proj_moe_gen', 'v_proj_moe_gen', 'o_proj_moe_gen']
[FrozenCosmos] layers=36 hidden=4096 heads=32 kv_heads=8 head_dim=128 params=15.18B (all frozen)
[sample] overriding checkpoint native motion solver 'euler' -> 'unipc'; weights/schedule unchanged
[07-19 15:32:23|INFO|cosmos_framework/utils/vfm/lora.py:129:inject_lora_pre_fsdp] Injecting LoRA on meta device: rank=16, alpha=32, targets=['q_proj_moe_gen', 'k_proj_moe_gen', 'v_proj_moe_gen', 'o_proj_moe_gen']
[FrozenCosmos] layers=36 hidden=4096 heads=32 kv_heads=8 head_dim=128 params=15.18B (all frozen)
[sample] overriding checkpoint native motion solver 'euler' -> 'unipc'; weights/schedule unchanged
[07-19 15:32:23|INFO|cosmos_framework/utils/vfm/lora.py:129:inject_lora_pre_fsdp] Injecting LoRA on meta device: rank=16, alpha=32, targets=['q_proj_moe_gen', 'k_proj_moe_gen', 'v_proj_moe_gen', 'o_proj_moe_gen']
[FrozenCosmos] layers=36 hidden=4096 heads=32 kv_heads=8 head_dim=128 params=15.18B (all frozen)
[sample] overriding checkpoint native motion solver 'euler' -> 'unipc'; weights/schedule unchanged
[07-19 15:32:23|INFO|cosmos_framework/utils/vfm/lora.py:129:inject_lora_pre_fsdp] Injecting LoRA on meta device: rank=16, alpha=32, targets=['q_proj_moe_gen', 'k_proj_moe_gen', 'v_proj_moe_gen', 'o_proj_moe_gen']
[07-19 15:32:23|INFO|cosmos_framework/utils/vfm/lora.py:149:inject_lora_pre_fsdp] LoRA injection successful: 144 modules wrapped, 15,335,424 trainable LoRA params, 15,176,167,985 frozen base params (0.101% trainable)
[07-19 15:32:23|INFO|cosmos_framework/utils/vfm/lora.py:149:inject_lora_pre_fsdp] LoRA injection successful: 144 modules wrapped, 15,335,424 trainable LoRA params, 15,176,167,985 frozen base params (0.101% trainable)
[07-19 15:32:23|INFO|cosmos_framework/utils/vfm/lora.py:149:inject_lora_pre_fsdp] LoRA injection successful: 144 modules wrapped, 15,335,424 trainable LoRA params, 15,176,167,985 frozen base params (0.101% trainable)
[07-19 15:32:23|INFO|cosmos_framework/utils/vfm/lora.py:149:inject_lora_pre_fsdp] LoRA injection successful: 144 modules wrapped, 15,335,424 trainable LoRA params, 15,176,167,985 frozen base params (0.101% trainable)
[FrozenCosmos] layers=36 hidden=4096 heads=32 kv_heads=8 head_dim=128 params=15.18B (all frozen)
[07-19 15:32:24|INFO|cosmos_framework/utils/vfm/lora.py:129:inject_lora_pre_fsdp] Injecting LoRA on meta device: rank=16, alpha=32, targets=['q_proj_moe_gen', 'k_proj_moe_gen', 'v_proj_moe_gen', 'o_proj_moe_gen']
[FrozenCosmos] layers=36 hidden=4096 heads=32 kv_heads=8 head_dim=128 params=15.18B (all frozen)
[07-19 15:32:24|INFO|cosmos_framework/utils/vfm/lora.py:129:inject_lora_pre_fsdp] Injecting LoRA on meta device: rank=16, alpha=32, targets=['q_proj_moe_gen', 'k_proj_moe_gen', 'v_proj_moe_gen', 'o_proj_moe_gen']
[07-19 15:32:24|INFO|cosmos_framework/utils/vfm/lora.py:149:inject_lora_pre_fsdp] LoRA injection successful: 144 modules wrapped, 15,335,424 trainable LoRA params, 15,176,167,985 frozen base params (0.101% trainable)
[07-19 15:32:24|INFO|cosmos_framework/utils/vfm/lora.py:149:inject_lora_pre_fsdp] LoRA injection successful: 144 modules wrapped, 15,335,424 trainable LoRA params, 15,176,167,985 frozen base params (0.101% trainable)
/home/jungbin_cho/cosmos_motion_ft/motion_expert_joint_attention/checkpoint_utils.py:83: FutureWarning: `load_state_dict` is deprecated and will be removed in future versions. Please use `load` instead.
  load_state_dict(selected, storage_reader=reader, no_dist=True)
/home/jungbin_cho/cosmos_motion_ft/motion_expert_joint_attention/checkpoint_utils.py:83: FutureWarning: `load_state_dict` is deprecated and will be removed in future versions. Please use `load` instead.
  load_state_dict(selected, storage_reader=reader, no_dist=True)
/home/jungbin_cho/cosmos_motion_ft/motion_expert_joint_attention/checkpoint_utils.py:83: FutureWarning: `load_state_dict` is deprecated and will be removed in future versions. Please use `load` instead.
  load_state_dict(selected, storage_reader=reader, no_dist=True)
/home/jungbin_cho/cosmos_motion_ft/motion_expert_joint_attention/checkpoint_utils.py:83: FutureWarning: `load_state_dict` is deprecated and will be removed in future versions. Please use `load` instead.
  load_state_dict(selected, storage_reader=reader, no_dist=True)
/home/jungbin_cho/cosmos_motion_ft/motion_expert_joint_attention/checkpoint_utils.py:83: FutureWarning: `load_state_dict` is deprecated and will be removed in future versions. Please use `load` instead.
  load_state_dict(selected, storage_reader=reader, no_dist=True)
/home/jungbin_cho/cosmos_motion_ft/motion_expert_joint_attention/checkpoint_utils.py:83: FutureWarning: `load_state_dict` is deprecated and will be removed in future versions. Please use `load` instead.
  load_state_dict(selected, storage_reader=reader, no_dist=True)
[sample][init_gen] /weka/jungbin/cosmos_motion_ft_runs/cosmos3_camera/camera_world/native_phase1_camera_json_bs4_lora5e5_action4x_ema_100k/checkpoints/iter_000100000: loaded 293 gen keys (skipped missing=0 shape-mismatch=0; native_dcp_weights=ema)
[sample][init_motion] /weka/jungbin/cosmos_motion_ft_runs/ja_t2m_ti2m_reasonerimg_x0_native_shift3_T200_ti97_mrope3d/ckpt_step200000.pt: loaded 149 motion keys (skipped missing=0 shape-mismatch=0)
[sample] loaded /weka/jungbin/cosmos_motion_ft_runs/ja_phase3_bridge_v2m_m2v_native_p1ema100k_p2native200k/ckpt_step200000.pt (step 200000) | motion_objective=x0 schedule=native shift=3 native_solver=unipc | gen_objective=velocity schedule=native shift=3 native_solver=unipc packing=native fps=20 margin=15000 | motion_mrope=cosmos3d | coupling=bridge_local textimg_condition=reasoner reasoner_image_size=256 head_camera_alignment=False | overlaid 96 trainable tensors (skipped 0)
[eval_all] output_T=97 ti2m_T=97 index_T=97 needs_latents=True latent_root=/weka/jungbin/nymeriaplus_kimodo_proportional/joint_latents_T97 motion_objective=x0
[eval_all] V2M head-camera metric enabled (checkpoint_alignment=False, calibration=/home/jungbin_cho/cosmos_motion_ft/motion_expert_joint_attention/head_camera_calibration_train.json)
[sample][init_gen] /weka/jungbin/cosmos_motion_ft_runs/cosmos3_camera/camera_world/native_phase1_camera_json_bs4_lora5e5_action4x_ema_100k/checkpoints/iter_000100000: loaded 293 gen keys (skipped missing=0 shape-mismatch=0; native_dcp_weights=ema)
[sample][init_motion] /weka/jungbin/cosmos_motion_ft_runs/ja_t2m_ti2m_reasonerimg_x0_native_shift3_T200_ti97_mrope3d/ckpt_step200000.pt: loaded 149 motion keys (skipped missing=0 shape-mismatch=0)
[sample] loaded /weka/jungbin/cosmos_motion_ft_runs/ja_phase3_bridge_v2m_m2v_native_p1ema100k_p2native200k/ckpt_step040000.pt (step 40000) | motion_objective=x0 schedule=native shift=3 native_solver=unipc | gen_objective=velocity schedule=native shift=3 native_solver=unipc packing=native fps=20 margin=15000 | motion_mrope=cosmos3d | coupling=bridge_local textimg_condition=reasoner reasoner_image_size=256 head_camera_alignment=False | overlaid 96 trainable tensors (skipped 0)
[eval_all] output_T=97 ti2m_T=97 index_T=97 needs_latents=True latent_root=/weka/jungbin/nymeriaplus_kimodo_proportional/joint_latents_T97 motion_objective=x0
[eval_all] V2M head-camera metric enabled (checkpoint_alignment=False, calibration=/home/jungbin_cho/cosmos_motion_ft/motion_expert_joint_attention/head_camera_calibration_train.json)
[sample][init_gen] /weka/jungbin/cosmos_motion_ft_runs/cosmos3_camera/camera_world/native_phase1_camera_json_bs4_lora5e5_action4x_ema_100k/checkpoints/iter_000100000: loaded 293 gen keys (skipped missing=0 shape-mismatch=0; native_dcp_weights=ema)
[sample][init_motion] /weka/jungbin/cosmos_motion_ft_runs/ja_t2m_ti2m_reasonerimg_x0_native_shift3_T200_ti97_mrope3d/ckpt_step200000.pt: loaded 149 motion keys (skipped missing=0 shape-mismatch=0)
[sample] loaded /weka/jungbin/cosmos_motion_ft_runs/ja_phase3_bridge_v2m_m2v_native_p1ema100k_p2native200k/ckpt_step040000.pt (step 40000) | motion_objective=x0 schedule=native shift=3 native_solver=unipc | gen_objective=velocity schedule=native shift=3 native_solver=unipc packing=native fps=20 margin=15000 | motion_mrope=cosmos3d | coupling=bridge_local textimg_condition=reasoner reasoner_image_size=256 head_camera_alignment=False | overlaid 96 trainable tensors (skipped 0)
[eval_all] output_T=97 ti2m_T=97 index_T=97 needs_latents=True latent_root=/weka/jungbin/nymeriaplus_kimodo_proportional/joint_latents_T97 motion_objective=x0
[eval_all] V2M head-camera metric enabled (checkpoint_alignment=False, calibration=/home/jungbin_cho/cosmos_motion_ft/motion_expert_joint_attention/head_camera_calibration_train.json)
[sample][init_gen] /weka/jungbin/cosmos_motion_ft_runs/cosmos3_camera/camera_world/native_phase1_camera_json_bs4_lora5e5_action4x_ema_100k/checkpoints/iter_000100000: loaded 293 gen keys (skipped missing=0 shape-mismatch=0; native_dcp_weights=ema)
[sample][init_motion] /weka/jungbin/cosmos_motion_ft_runs/ja_t2m_ti2m_reasonerimg_x0_native_shift3_T200_ti97_mrope3d/ckpt_step200000.pt: loaded 149 motion keys (skipped missing=0 shape-mismatch=0)
[sample] loaded /weka/jungbin/cosmos_motion_ft_runs/ja_phase3_bridge_v2m_m2v_native_p1ema100k_p2native200k/ckpt_step200000.pt (step 200000) | motion_objective=x0 schedule=native shift=3 native_solver=unipc | gen_objective=velocity schedule=native shift=3 native_solver=unipc packing=native fps=20 margin=15000 | motion_mrope=cosmos3d | coupling=bridge_local textimg_condition=reasoner reasoner_image_size=256 head_camera_alignment=False | overlaid 96 trainable tensors (skipped 0)
[eval_all] output_T=97 ti2m_T=97 index_T=97 needs_latents=True latent_root=/weka/jungbin/nymeriaplus_kimodo_proportional/joint_latents_T97 motion_objective=x0
[eval_all] V2M head-camera metric enabled (checkpoint_alignment=False, calibration=/home/jungbin_cho/cosmos_motion_ft/motion_expert_joint_attention/head_camera_calibration_train.json)
[eval_all] windows_json: matched 71/71 requested windows
[eval_all] windows_json: matched 71/71 requested windows
[eval_all] 71 test windows for motion/video tasks
[eval_all] WARNING: 5 explicit windows are flagged by floor calibration; full-set metrics include them and a floor-valid subset is also written
[eval_all] 71 test windows for motion/video tasks
[eval_all] WARNING: 5 explicit windows are flagged by floor calibration; full-set metrics include them and a floor-valid subset is also written
[eval_all] windows_json: matched 5/5 requested windows
[eval_all] 5 test windows for motion/video tasks
[eval_all] windows_json: matched 5/5 requested windows
[eval_all] 5 test windows for motion/video tasks
[sample][init_gen] /weka/jungbin/cosmos_motion_ft_runs/cosmos3_camera/camera_world/native_phase1_camera_json_bs4_lora5e5_action4x_ema_100k/checkpoints/iter_000100000: loaded 293 gen keys (skipped missing=0 shape-mismatch=0; native_dcp_weights=ema)
[sample][init_motion] /weka/jungbin/cosmos_motion_ft_runs/ja_t2m_ti2m_reasonerimg_x0_native_shift3_T200_ti97_mrope3d/ckpt_step200000.pt: loaded 149 motion keys (skipped missing=0 shape-mismatch=0)
[sample] loaded /weka/jungbin/cosmos_motion_ft_runs/ja_phase3_bridge_v2m_m2v_native_p1ema100k_p2native200k_headcam/ckpt_step040000.pt (step 40000) | motion_objective=x0 schedule=native shift=3 native_solver=unipc | gen_objective=velocity schedule=native shift=3 native_solver=unipc packing=native fps=20 margin=15000 | motion_mrope=cosmos3d | coupling=bridge_local textimg_condition=reasoner reasoner_image_size=256 head_camera_alignment=True | overlaid 96 trainable tensors (skipped 0)
[eval_all] output_T=97 ti2m_T=97 index_T=97 needs_latents=True latent_root=/weka/jungbin/nymeriaplus_kimodo_proportional/joint_latents_T97 motion_objective=x0
[sample][init_gen] /weka/jungbin/cosmos_motion_ft_runs/cosmos3_camera/camera_world/native_phase1_camera_json_bs4_lora5e5_action4x_ema_100k/checkpoints/iter_000100000: loaded 293 gen keys (skipped missing=0 shape-mismatch=0; native_dcp_weights=ema)
[sample][init_motion] /weka/jungbin/cosmos_motion_ft_runs/ja_t2m_ti2m_reasonerimg_x0_native_shift3_T200_ti97_mrope3d/ckpt_step200000.pt: loaded 149 motion keys (skipped missing=0 shape-mismatch=0)
[sample] loaded /weka/jungbin/cosmos_motion_ft_runs/ja_phase3_bridge_v2m_m2v_native_p1ema100k_p2native200k_headcam/ckpt_step040000.pt (step 40000) | motion_objective=x0 schedule=native shift=3 native_solver=unipc | gen_objective=velocity schedule=native shift=3 native_solver=unipc packing=native fps=20 margin=15000 | motion_mrope=cosmos3d | coupling=bridge_local textimg_condition=reasoner reasoner_image_size=256 head_camera_alignment=True | overlaid 96 trainable tensors (skipped 0)
[eval_all] output_T=97 ti2m_T=97 index_T=97 needs_latents=True latent_root=/weka/jungbin/nymeriaplus_kimodo_proportional/joint_latents_T97 motion_objective=x0
[eval_all] V2M head-camera metric enabled (checkpoint_alignment=True, calibration=/home/jungbin_cho/cosmos_motion_ft/motion_expert_joint_attention/head_camera_calibration_train.json)
[eval_all] V2M head-camera metric enabled (checkpoint_alignment=True, calibration=/home/jungbin_cho/cosmos_motion_ft/motion_expert_joint_attention/head_camera_calibration_train.json)
[eval_all] windows_json: matched 5/5 requested windows
[eval_all] windows_json: matched 71/71 requested windows
[eval_all] 71 test windows for motion/video tasks
[eval_all] WARNING: 5 explicit windows are flagged by floor calibration; full-set metrics include them and a floor-valid subset is also written
[eval_all] 5 test windows for motion/video tasks
[07-19 15:33:09|INFO|cosmos_framework/model/vfm/tokenizers/wan2pt2_vae_4x16x16.py:1015:_video_vae] loading /weka/jungbin/wan22_vae/Wan2.2_VAE.pth
/home/jungbin_cho/miniforge3/envs/cosmos/lib/python3.13/site-packages/torchvision/models/_utils.py:208: UserWarning: The parameter 'pretrained' is deprecated since 0.13 and may be removed in the future, please use 'weights' instead.
  warnings.warn(
/home/jungbin_cho/miniforge3/envs/cosmos/lib/python3.13/site-packages/torchvision/models/_utils.py:223: UserWarning: Arguments other than a weight enum or `None` for 'weights' are deprecated since 0.13 and may be removed in the future. The current behavior is equivalent to passing `weights=AlexNet_Weights.IMAGENET1K_V1`. You can also use `weights=AlexNet_Weights.DEFAULT` to get the most up-to-date weights.
  warnings.warn(msg)
[07-19 15:33:10|INFO|cosmos_framework/model/vfm/tokenizers/wan2pt2_vae_4x16x16.py:1015:_video_vae] loading /weka/jungbin/wan22_vae/Wan2.2_VAE.pth
/home/jungbin_cho/miniforge3/envs/cosmos/lib/python3.13/site-packages/torchvision/models/_utils.py:208: UserWarning: The parameter 'pretrained' is deprecated since 0.13 and may be removed in the future, please use 'weights' instead.
  warnings.warn(
/home/jungbin_cho/miniforge3/envs/cosmos/lib/python3.13/site-packages/torchvision/models/_utils.py:223: UserWarning: Arguments other than a weight enum or `None` for 'weights' are deprecated since 0.13 and may be removed in the future. The current behavior is equivalent to passing `weights=AlexNet_Weights.IMAGENET1K_V1`. You can also use `weights=AlexNet_Weights.DEFAULT` to get the most up-to-date weights.
  warnings.warn(msg)
[07-19 15:33:10|INFO|cosmos_framework/model/vfm/tokenizers/wan2pt2_vae_4x16x16.py:1015:_video_vae] loading /weka/jungbin/wan22_vae/Wan2.2_VAE.pth
[07-19 15:33:10|INFO|cosmos_framework/model/vfm/tokenizers/wan2pt2_vae_4x16x16.py:1015:_video_vae] loading /weka/jungbin/wan22_vae/Wan2.2_VAE.pth
/home/jungbin_cho/miniforge3/envs/cosmos/lib/python3.13/site-packages/torchvision/models/_utils.py:208: UserWarning: The parameter 'pretrained' is deprecated since 0.13 and may be removed in the future, please use 'weights' instead.
  warnings.warn(
/home/jungbin_cho/miniforge3/envs/cosmos/lib/python3.13/site-packages/torchvision/models/_utils.py:223: UserWarning: Arguments other than a weight enum or `None` for 'weights' are deprecated since 0.13 and may be removed in the future. The current behavior is equivalent to passing `weights=AlexNet_Weights.IMAGENET1K_V1`. You can also use `weights=AlexNet_Weights.DEFAULT` to get the most up-to-date weights.
  warnings.warn(msg)
/home/jungbin_cho/miniforge3/envs/cosmos/lib/python3.13/site-packages/torchvision/models/_utils.py:208: UserWarning: The parameter 'pretrained' is deprecated since 0.13 and may be removed in the future, please use 'weights' instead.
  warnings.warn(
/home/jungbin_cho/miniforge3/envs/cosmos/lib/python3.13/site-packages/torchvision/models/_utils.py:223: UserWarning: Arguments other than a weight enum or `None` for 'weights' are deprecated since 0.13 and may be removed in the future. The current behavior is equivalent to passing `weights=AlexNet_Weights.IMAGENET1K_V1`. You can also use `weights=AlexNet_Weights.DEFAULT` to get the most up-to-date weights.
  warnings.warn(msg)
[07-19 15:33:10|INFO|cosmos_framework/model/vfm/tokenizers/wan2pt2_vae_4x16x16.py:1015:_video_vae] loading /weka/jungbin/wan22_vae/Wan2.2_VAE.pth
/home/jungbin_cho/miniforge3/envs/cosmos/lib/python3.13/site-packages/torchvision/models/_utils.py:208: UserWarning: The parameter 'pretrained' is deprecated since 0.13 and may be removed in the future, please use 'weights' instead.
  warnings.warn(
/home/jungbin_cho/miniforge3/envs/cosmos/lib/python3.13/site-packages/torchvision/models/_utils.py:223: UserWarning: Arguments other than a weight enum or `None` for 'weights' are deprecated since 0.13 and may be removed in the future. The current behavior is equivalent to passing `weights=AlexNet_Weights.IMAGENET1K_V1`. You can also use `weights=AlexNet_Weights.DEFAULT` to get the most up-to-date weights.
  warnings.warn(msg)
[07-19 15:33:10|INFO|cosmos_framework/model/vfm/tokenizers/wan2pt2_vae_4x16x16.py:1015:_video_vae] loading /weka/jungbin/wan22_vae/Wan2.2_VAE.pth
/home/jungbin_cho/miniforge3/envs/cosmos/lib/python3.13/site-packages/torchvision/models/_utils.py:208: UserWarning: The parameter 'pretrained' is deprecated since 0.13 and may be removed in the future, please use 'weights' instead.
  warnings.warn(
/home/jungbin_cho/miniforge3/envs/cosmos/lib/python3.13/site-packages/torchvision/models/_utils.py:223: UserWarning: Arguments other than a weight enum or `None` for 'weights' are deprecated since 0.13 and may be removed in the future. The current behavior is equivalent to passing `weights=AlexNet_Weights.IMAGENET1K_V1`. You can also use `weights=AlexNet_Weights.DEFAULT` to get the most up-to-date weights.
  warnings.warn(msg)
[eval_all] Wan2.2-VAE loaded
[eval_all] Wan2.2-VAE loaded
[eval_all] Wan2.2-VAE loaded
[eval_all] Wan2.2-VAE loaded
[eval_all] Wan2.2-VAE loaded
[eval_all] Wan2.2-VAE loaded

[eval_all] [1/5] t0_S19_20230919_s1_jessica_webster_act3_sry5zc_2040

[eval_all] [1/71] t0_S07_20231013_s0_shelley_jones_act3_w23p1b_0

[eval_all] [1/71] t0_S07_20231013_s0_shelley_jones_act3_w23p1b_0

[eval_all] [1/5] t0_S19_20230919_s1_jessica_webster_act3_sry5zc_2040

[eval_all] [1/5] t0_S19_20230919_s1_jessica_webster_act3_sry5zc_2040

[eval_all] [1/71] t0_S07_20231013_s0_shelley_jones_act3_w23p1b_0
  [video2motion] MPJPE=0.138 accel_err=0.008
  [video2motion head-camera] trans=0.0056m rot=0.886deg (GT calibration floor=0.0051m/1.203deg)
  [video2motion] MPJPE=0.393 accel_err=0.017
  [video2motion head-camera] trans=0.0169m rot=2.519deg (GT calibration floor=0.0041m/2.085deg)
  [video2motion] MPJPE=0.400 accel_err=0.015
  [video2motion head-camera] trans=0.0164m rot=2.527deg (GT calibration floor=0.0041m/2.085deg)
  [video2motion] MPJPE=0.125 accel_err=0.008
  [video2motion head-camera] trans=0.0073m rot=1.806deg (GT calibration floor=0.0051m/1.203deg)
  [video2motion] MPJPE=0.381 accel_err=0.017
  [video2motion head-camera] trans=0.0158m rot=1.296deg (GT calibration floor=0.0041m/2.085deg)
  [video2motion] MPJPE=0.126 accel_err=0.008
  [video2motion head-camera] trans=0.0078m rot=1.586deg (GT calibration floor=0.0051m/1.203deg)
  [motimg2video] PSNR=14.989 SSIM=0.4364 LPIPS=0.4684
  [motimg2video] PSNR=14.168 SSIM=0.3948 LPIPS=0.4890
  [motimg2video] PSNR=14.321 SSIM=0.4253 LPIPS=0.5114
  [motimg2video] PSNR=14.878 SSIM=0.4410 LPIPS=0.4502
  [motimg2video] PSNR=13.502 SSIM=0.3519 LPIPS=0.5342
  [motimg2video] video -> /weka/jungbin/cosmos_motion_ft_runs/ja_phase3_bridge_v2m_m2v_native_p1ema100k_p2native200k_headcam/eval_full71_step040000_unipc30/viz/motimg2video_t0_S07_20231013_s0_shelley_jones_act3_w23p1b_0.mp4

[eval_all] [2/71] t1_S12_20230706_s0_breanna_reese_act0_cfg468_0
  [motimg2video] PSNR=13.751 SSIM=0.3626 LPIPS=0.5553
  [motimg2video] video -> /weka/jungbin/cosmos_motion_ft_runs/ja_phase3_bridge_v2m_m2v_native_p1ema100k_p2native200k/eval_motion_clean_replacement5_step200000_unipc30/viz/motimg2video_t0_S19_20230919_s1_jessica_webster_act3_sry5zc_2040.mp4

[eval_all] [2/5] t1_S12_20231004_s0_corey_coleman_act3_45q7f3_200
  [motimg2video] video -> /weka/jungbin/cosmos_motion_ft_runs/ja_phase3_bridge_v2m_m2v_native_p1ema100k_p2native200k/eval_full71_step040000_unipc30/viz/motimg2video_t0_S07_20231013_s0_shelley_jones_act3_w23p1b_0.mp4

[eval_all] [2/71] t1_S12_20230706_s0_breanna_reese_act0_cfg468_0
  [motimg2video] video -> /weka/jungbin/cosmos_motion_ft_runs/ja_phase3_bridge_v2m_m2v_native_p1ema100k_p2native200k/eval_full71_step200000_unipc30/viz/motimg2video_t0_S07_20231013_s0_shelley_jones_act3_w23p1b_0.mp4

[eval_all] [2/71] t1_S12_20230706_s0_breanna_reese_act0_cfg468_0
  [motimg2video] video -> /weka/jungbin/cosmos_motion_ft_runs/ja_phase3_bridge_v2m_m2v_native_p1ema100k_p2native200k/eval_motion_clean_replacement5_step040000_unipc30/viz/motimg2video_t0_S19_20230919_s1_jessica_webster_act3_sry5zc_2040.mp4

[eval_all] [2/5] t1_S12_20231004_s0_corey_coleman_act3_45q7f3_200
  [motimg2video] video -> /weka/jungbin/cosmos_motion_ft_runs/ja_phase3_bridge_v2m_m2v_native_p1ema100k_p2native200k_headcam/eval_motion_clean_replacement5_step040000_unipc30/viz/motimg2video_t0_S19_20230919_s1_jessica_webster_act3_sry5zc_2040.mp4

[eval_all] [2/5] t1_S12_20231004_s0_corey_coleman_act3_45q7f3_200
  [video2motion] MPJPE=0.259 accel_err=0.004
  [video2motion head-camera] trans=0.0043m rot=0.943deg (GT calibration floor=0.0016m/0.629deg)
  [video2motion] MPJPE=0.292 accel_err=0.012
  [video2motion head-camera] trans=0.0125m rot=1.983deg (GT calibration floor=0.0049m/2.259deg)
  [video2motion] MPJPE=0.253 accel_err=0.004
  [video2motion head-camera] trans=0.0044m rot=1.263deg (GT calibration floor=0.0016m/0.629deg)
  [video2motion] MPJPE=0.339 accel_err=0.013
  [video2motion head-camera] trans=0.0128m rot=2.034deg (GT calibration floor=0.0049m/2.259deg)
  [video2motion] MPJPE=0.339 accel_err=0.012
  [video2motion head-camera] trans=0.0118m rot=1.247deg (GT calibration floor=0.0049m/2.259deg)
  [video2motion] MPJPE=0.259 accel_err=0.004
  [video2motion head-camera] trans=0.0035m rot=1.144deg (GT calibration floor=0.0016m/0.629deg)
  [motimg2video] PSNR=19.690 SSIM=0.6179 LPIPS=0.3871
  [motimg2video] PSNR=17.529 SSIM=0.4680 LPIPS=0.3018
  [motimg2video] PSNR=15.888 SSIM=0.4282 LPIPS=0.3666
  [motimg2video] PSNR=17.123 SSIM=0.4505 LPIPS=0.3013
  [motimg2video] video -> /weka/jungbin/cosmos_motion_ft_runs/ja_phase3_bridge_v2m_m2v_native_p1ema100k_p2native200k/eval_motion_clean_replacement5_step200000_unipc30/viz/motimg2video_t1_S12_20231004_s0_corey_coleman_act3_45q7f3_200.mp4

[eval_all] [3/5] t2_S19_20231117_s0_randy_martin_act4_hernaf_800
  [motimg2video] PSNR=17.908 SSIM=0.5942 LPIPS=0.4410
  [motimg2video] PSNR=17.578 SSIM=0.5908 LPIPS=0.4526
  [motimg2video] video -> /weka/jungbin/cosmos_motion_ft_runs/ja_phase3_bridge_v2m_m2v_native_p1ema100k_p2native200k/eval_full71_step040000_unipc30/viz/motimg2video_t1_S12_20230706_s0_breanna_reese_act0_cfg468_0.mp4

[eval_all] [3/71] t2_S01_20230706_s1_morgan_terrell_act3_9ops7e_0
  [motimg2video] video -> /weka/jungbin/cosmos_motion_ft_runs/ja_phase3_bridge_v2m_m2v_native_p1ema100k_p2native200k_headcam/eval_full71_step040000_unipc30/viz/motimg2video_t1_S12_20230706_s0_breanna_reese_act0_cfg468_0.mp4

[eval_all] [3/71] t2_S01_20230706_s1_morgan_terrell_act3_9ops7e_0
  [motimg2video] video -> /weka/jungbin/cosmos_motion_ft_runs/ja_phase3_bridge_v2m_m2v_native_p1ema100k_p2native200k/eval_full71_step200000_unipc30/viz/motimg2video_t1_S12_20230706_s0_breanna_reese_act0_cfg468_0.mp4

[eval_all] [3/71] t2_S01_20230706_s1_morgan_terrell_act3_9ops7e_0
  [motimg2video] video -> /weka/jungbin/cosmos_motion_ft_runs/ja_phase3_bridge_v2m_m2v_native_p1ema100k_p2native200k/eval_motion_clean_replacement5_step040000_unipc30/viz/motimg2video_t1_S12_20231004_s0_corey_coleman_act3_45q7f3_200.mp4

[eval_all] [3/5] t2_S19_20231117_s0_randy_martin_act4_hernaf_800
  [motimg2video] video -> /weka/jungbin/cosmos_motion_ft_runs/ja_phase3_bridge_v2m_m2v_native_p1ema100k_p2native200k_headcam/eval_motion_clean_replacement5_step040000_unipc30/viz/motimg2video_t1_S12_20231004_s0_corey_coleman_act3_45q7f3_200.mp4

[eval_all] [3/5] t2_S19_20231117_s0_randy_martin_act4_hernaf_800
  [video2motion] MPJPE=0.182 accel_err=0.009
  [video2motion head-camera] trans=0.0096m rot=1.511deg (GT calibration floor=0.0043m/1.685deg)
  [video2motion] MPJPE=0.138 accel_err=0.006
  [video2motion head-camera] trans=0.0057m rot=1.180deg (GT calibration floor=0.0030m/1.387deg)
  [video2motion] MPJPE=0.074 accel_err=0.006
  [video2motion head-camera] trans=0.0068m rot=1.688deg (GT calibration floor=0.0030m/1.387deg)
  [video2motion] MPJPE=0.302 accel_err=0.009
  [video2motion head-camera] trans=0.0110m rot=1.515deg (GT calibration floor=0.0043m/1.685deg)
  [video2motion] MPJPE=0.208 accel_err=0.009
  [video2motion head-camera] trans=0.0085m rot=0.934deg (GT calibration floor=0.0043m/1.685deg)
  [video2motion] MPJPE=0.076 accel_err=0.006
  [video2motion head-camera] trans=0.0069m rot=1.671deg (GT calibration floor=0.0030m/1.387deg)
  [motimg2video] PSNR=12.472 SSIM=0.2356 LPIPS=0.4798
  [motimg2video] PSNR=14.808 SSIM=0.4163 LPIPS=0.4514
  [motimg2video] PSNR=15.903 SSIM=0.4413 LPIPS=0.3936
  [motimg2video] PSNR=13.453 SSIM=0.3802 LPIPS=0.5023
  [motimg2video] PSNR=12.033 SSIM=0.2147 LPIPS=0.5584
  [motimg2video] video -> /weka/jungbin/cosmos_motion_ft_runs/ja_phase3_bridge_v2m_m2v_native_p1ema100k_p2native200k/eval_motion_clean_replacement5_step200000_unipc30/viz/motimg2video_t2_S19_20231117_s0_randy_martin_act4_hernaf_800.mp4

[eval_all] [4/5] t3_S19_20231020_s0_anthony_chen_act1_vhzag9_2140
  [motimg2video] video -> /weka/jungbin/cosmos_motion_ft_runs/ja_phase3_bridge_v2m_m2v_native_p1ema100k_p2native200k_headcam/eval_full71_step040000_unipc30/viz/motimg2video_t2_S01_20230706_s1_morgan_terrell_act3_9ops7e_0.mp4

[eval_all] [4/71] t3_S19_20230919_s1_jessica_webster_act3_sry5zc_0
  [motimg2video] video -> /weka/jungbin/cosmos_motion_ft_runs/ja_phase3_bridge_v2m_m2v_native_p1ema100k_p2native200k/eval_full71_step200000_unipc30/viz/motimg2video_t2_S01_20230706_s1_morgan_terrell_act3_9ops7e_0.mp4

[eval_all] [4/71] t3_S19_20230919_s1_jessica_webster_act3_sry5zc_0
  [motimg2video] video -> /weka/jungbin/cosmos_motion_ft_runs/ja_phase3_bridge_v2m_m2v_native_p1ema100k_p2native200k/eval_full71_step040000_unipc30/viz/motimg2video_t2_S01_20230706_s1_morgan_terrell_act3_9ops7e_0.mp4

[eval_all] [4/71] t3_S19_20230919_s1_jessica_webster_act3_sry5zc_0
  [motimg2video] video -> /weka/jungbin/cosmos_motion_ft_runs/ja_phase3_bridge_v2m_m2v_native_p1ema100k_p2native200k_headcam/eval_motion_clean_replacement5_step040000_unipc30/viz/motimg2video_t2_S19_20231117_s0_randy_martin_act4_hernaf_800.mp4

[eval_all] [4/5] t3_S19_20231020_s0_anthony_chen_act1_vhzag9_2140
  [motimg2video] PSNR=11.825 SSIM=0.2044 LPIPS=0.5729
  [motimg2video] video -> /weka/jungbin/cosmos_motion_ft_runs/ja_phase3_bridge_v2m_m2v_native_p1ema100k_p2native200k/eval_motion_clean_replacement5_step040000_unipc30/viz/motimg2video_t2_S19_20231117_s0_randy_martin_act4_hernaf_800.mp4

[eval_all] [4/5] t3_S19_20231020_s0_anthony_chen_act1_vhzag9_2140
  [video2motion] MPJPE=0.223 accel_err=0.008
  [video2motion head-camera] trans=0.0083m rot=1.406deg (GT calibration floor=0.0030m/1.455deg)
  [video2motion] MPJPE=0.710 accel_err=0.005
  [video2motion] MPJPE=0.700 accel_err=0.005
  [video2motion head-camera] trans=0.0036m rot=1.084deg (GT calibration floor=0.0035m/1.011deg)
  [video2motion head-camera] trans=0.0042m rot=1.046deg (GT calibration floor=0.0035m/1.011deg)
  [video2motion] MPJPE=0.691 accel_err=0.005
  [video2motion head-camera] trans=0.0032m rot=0.608deg (GT calibration floor=0.0035m/1.011deg)
  [video2motion] MPJPE=0.196 accel_err=0.009
  [video2motion head-camera] trans=0.0077m rot=0.972deg (GT calibration floor=0.0030m/1.455deg)
  [video2motion] MPJPE=0.249 accel_err=0.009
  [video2motion head-camera] trans=0.0113m rot=1.443deg (GT calibration floor=0.0030m/1.455deg)
  [motimg2video] PSNR=19.243 SSIM=0.5182 LPIPS=0.3070
  [motimg2video] video -> /weka/jungbin/cosmos_motion_ft_runs/ja_phase3_bridge_v2m_m2v_native_p1ema100k_p2native200k/eval_full71_step200000_unipc30/viz/motimg2video_t3_S19_20230919_s1_jessica_webster_act3_sry5zc_0.mp4

[eval_all] [5/71] t4_S13_20230717_s0_danielle_ortiz_act1_kn2tq7_0
  [motimg2video] PSNR=17.026 SSIM=0.4823 LPIPS=0.5858
  [motimg2video] PSNR=18.840 SSIM=0.5212 LPIPS=0.3228
  [motimg2video] PSNR=14.451 SSIM=0.3570 LPIPS=0.4457
  [motimg2video] video -> /weka/jungbin/cosmos_motion_ft_runs/ja_phase3_bridge_v2m_m2v_native_p1ema100k_p2native200k/eval_full71_step040000_unipc30/viz/motimg2video_t3_S19_20230919_s1_jessica_webster_act3_sry5zc_0.mp4

[eval_all] [5/71] t4_S13_20230717_s0_danielle_ortiz_act1_kn2tq7_0
  [motimg2video] video -> /weka/jungbin/cosmos_motion_ft_runs/ja_phase3_bridge_v2m_m2v_native_p1ema100k_p2native200k_headcam/eval_full71_step040000_unipc30/viz/motimg2video_t3_S19_20230919_s1_jessica_webster_act3_sry5zc_0.mp4

[eval_all] [5/71] t4_S13_20230717_s0_danielle_ortiz_act1_kn2tq7_0
  [motimg2video] video -> /weka/jungbin/cosmos_motion_ft_runs/ja_phase3_bridge_v2m_m2v_native_p1ema100k_p2native200k/eval_motion_clean_replacement5_step200000_unipc30/viz/motimg2video_t3_S19_20231020_s0_anthony_chen_act1_vhzag9_2140.mp4

[eval_all] [5/5] t4_S01_20230726_s1_thomas_nixon_act3_vvy3pz_880
  [motimg2video] PSNR=14.434 SSIM=0.3489 LPIPS=0.4472
  [motimg2video] video -> /weka/jungbin/cosmos_motion_ft_runs/ja_phase3_bridge_v2m_m2v_native_p1ema100k_p2native200k_headcam/eval_motion_clean_replacement5_step040000_unipc30/viz/motimg2video_t3_S19_20231020_s0_anthony_chen_act1_vhzag9_2140.mp4

[eval_all] [5/5] t4_S01_20230726_s1_thomas_nixon_act3_vvy3pz_880
  [motimg2video] PSNR=13.857 SSIM=0.3198 LPIPS=0.5076
  [motimg2video] video -> /weka/jungbin/cosmos_motion_ft_runs/ja_phase3_bridge_v2m_m2v_native_p1ema100k_p2native200k/eval_motion_clean_replacement5_step040000_unipc30/viz/motimg2video_t3_S19_20231020_s0_anthony_chen_act1_vhzag9_2140.mp4

[eval_all] [5/5] t4_S01_20230726_s1_thomas_nixon_act3_vvy3pz_880
  [video2motion] MPJPE=0.138 accel_err=0.006
  [video2motion head-camera] trans=0.0050m rot=0.640deg (GT calibration floor=0.0030m/0.563deg)
  [video2motion] MPJPE=0.135 accel_err=0.006
  [video2motion head-camera] trans=0.0047m rot=0.815deg (GT calibration floor=0.0030m/0.563deg)
  [video2motion] MPJPE=0.150 accel_err=0.005
  [video2motion head-camera] trans=0.0039m rot=0.447deg (GT calibration floor=0.0030m/0.563deg)
  [video2motion] MPJPE=0.295 accel_err=0.004
  [video2motion head-camera] trans=0.0016m rot=0.319deg (GT calibration floor=0.0010m/0.573deg)
  [video2motion] MPJPE=0.300 accel_err=0.003
  [video2motion head-camera] trans=0.0014m rot=0.251deg (GT calibration floor=0.0010m/0.573deg)
  [video2motion] MPJPE=0.274 accel_err=0.004
  [video2motion head-camera] trans=0.0015m rot=0.326deg (GT calibration floor=0.0010m/0.573deg)
  [motimg2video] PSNR=19.449 SSIM=0.6470 LPIPS=0.1791
  [motimg2video] video -> /weka/jungbin/cosmos_motion_ft_runs/ja_phase3_bridge_v2m_m2v_native_p1ema100k_p2native200k/eval_full71_step200000_unipc30/viz/motimg2video_t4_S13_20230717_s0_danielle_ortiz_act1_kn2tq7_0.mp4

[eval_all] [6/71] t5_S02_20231011_s1_daniel_kim_act2_6lxp22_101
  [motimg2video] PSNR=18.555 SSIM=0.6133 LPIPS=0.2049
  [motimg2video] PSNR=21.984 SSIM=0.7208 LPIPS=0.1166
  [motimg2video] video -> /weka/jungbin/cosmos_motion_ft_runs/ja_phase3_bridge_v2m_m2v_native_p1ema100k_p2native200k/eval_full71_step040000_unipc30/viz/motimg2video_t4_S13_20230717_s0_danielle_ortiz_act1_kn2tq7_0.mp4

[eval_all] [6/71] t5_S02_20231011_s1_daniel_kim_act2_6lxp22_101
  [motimg2video] PSNR=21.320 SSIM=0.7182 LPIPS=0.1340
  [motimg2video] video -> /weka/jungbin/cosmos_motion_ft_runs/ja_phase3_bridge_v2m_m2v_native_p1ema100k_p2native200k_headcam/eval_full71_step040000_unipc30/viz/motimg2video_t4_S13_20230717_s0_danielle_ortiz_act1_kn2tq7_0.mp4

[eval_all] [6/71] t5_S02_20231011_s1_daniel_kim_act2_6lxp22_101
  [motimg2video] video -> /weka/jungbin/cosmos_motion_ft_runs/ja_phase3_bridge_v2m_m2v_native_p1ema100k_p2native200k/eval_motion_clean_replacement5_step200000_unipc30/viz/motimg2video_t4_S01_20230726_s1_thomas_nixon_act3_vvy3pz_880.mp4

=== motion-recon eval | 5 windows | video2motion | /weka/jungbin/cosmos_motion_ft_runs/ja_phase3_bridge_v2m_m2v_native_p1ema100k_p2native200k/eval_motion_clean_replacement5_step200000_unipc30 ===
sequence                              mpjpe_m   pa_mpjpe_m     feat_mse    accel_err   accel_pred     accel_gt   root_err_m
---------------------------------------------------------------------------------------------------------------------------
t0_S19_20230919_s1_jessica_webst       0.4005       0.2392       0.3674       0.0155       0.0128       0.0152       0.3688
t1_S12_20231004_s0_corey_coleman       0.2923       0.1936       0.3907       0.0123       0.0081       0.0105       0.2494
t2_S19_20231117_s0_randy_martin_       0.1822       0.1060       0.3246       0.0090       0.0071       0.0083       0.1487
t3_S19_20231020_s0_anthony_chen_       0.2229       0.1055       0.1849       0.0081       0.0056       0.0081       0.2303
t4_S01_20230726_s1_thomas_nixon_       0.2955       0.1658       2.0389       0.0035       0.0021       0.0027       0.2314
---------------------------------------------------------------------------------------------------------------------------
MEAN                                   0.2787       0.1620       0.6613       0.0097       0.0071       0.0089       0.2457
MEDIAN                                 0.2923       0.1658       0.3674       0.0090       0.0071       0.0083       0.2314
guide: mpjpe_m/pa_mpjpe_m/root_err_m/accel_err all lower-better (m); accel_pred vs accel_gt = jitter ratio; feat_mse in z-scored space

==============================================================================
EVAL SUMMARY  |  /weka/jungbin/cosmos_motion_ft_runs/ja_phase3_bridge_v2m_m2v_native_p1ema100k_p2native200k/eval_motion_clean_replacement5_step200000_unipc30
==============================================================================
video2motion      MPJPE=0.279m  PA-MPJPE=0.162m  accel_err=0.010  (pred/gt jitter=0.8x)
v2m head-camera   trans=0.0097m  rot=1.549deg  GT-floor=0.0035m/1.611deg
motimg2video      5 clips generated
motimg2video      PSNR=16.420dB  SSIM=0.4647  LPIPS=0.3871

viz files written (10):
  /weka/jungbin/cosmos_motion_ft_runs/ja_phase3_bridge_v2m_m2v_native_p1ema100k_p2native200k/eval_motion_clean_replacement5_step200000_unipc30/viz/video2motion_t0_S19_20230919_s1_jessica_webster_act3_sry5zc_2040.mp4
  /weka/jungbin/cosmos_motion_ft_runs/ja_phase3_bridge_v2m_m2v_native_p1ema100k_p2native200k/eval_motion_clean_replacement5_step200000_unipc30/viz/motimg2video_t0_S19_20230919_s1_jessica_webster_act3_sry5zc_2040.mp4
  /weka/jungbin/cosmos_motion_ft_runs/ja_phase3_bridge_v2m_m2v_native_p1ema100k_p2native200k/eval_motion_clean_replacement5_step200000_unipc30/viz/video2motion_t1_S12_20231004_s0_corey_coleman_act3_45q7f3_200.mp4
  /weka/jungbin/cosmos_motion_ft_runs/ja_phase3_bridge_v2m_m2v_native_p1ema100k_p2native200k/eval_motion_clean_replacement5_step200000_unipc30/viz/motimg2video_t1_S12_20231004_s0_corey_coleman_act3_45q7f3_200.mp4
  /weka/jungbin/cosmos_motion_ft_runs/ja_phase3_bridge_v2m_m2v_native_p1ema100k_p2native200k/eval_motion_clean_replacement5_step200000_unipc30/viz/video2motion_t2_S19_20231117_s0_randy_martin_act4_hernaf_800.mp4
  /weka/jungbin/cosmos_motion_ft_runs/ja_phase3_bridge_v2m_m2v_native_p1ema100k_p2native200k/eval_motion_clean_replacement5_step200000_unipc30/viz/motimg2video_t2_S19_20231117_s0_randy_martin_act4_hernaf_800.mp4
  /weka/jungbin/cosmos_motion_ft_runs/ja_phase3_bridge_v2m_m2v_native_p1ema100k_p2native200k/eval_motion_clean_replacement5_step200000_unipc30/viz/video2motion_t3_S19_20231020_s0_anthony_chen_act1_vhzag9_2140.mp4
  /weka/jungbin/cosmos_motion_ft_runs/ja_phase3_bridge_v2m_m2v_native_p1ema100k_p2native200k/eval_motion_clean_replacement5_step200000_unipc30/viz/motimg2video_t3_S19_20231020_s0_anthony_chen_act1_vhzag9_2140.mp4
  /weka/jungbin/cosmos_motion_ft_runs/ja_phase3_bridge_v2m_m2v_native_p1ema100k_p2native200k/eval_motion_clean_replacement5_step200000_unipc30/viz/video2motion_t4_S01_20230726_s1_thomas_nixon_act3_vvy3pz_880.mp4
  /weka/jungbin/cosmos_motion_ft_runs/ja_phase3_bridge_v2m_m2v_native_p1ema100k_p2native200k/eval_motion_clean_replacement5_step200000_unipc30/viz/motimg2video_t4_S01_20230726_s1_thomas_nixon_act3_vvy3pz_880.mp4
==============================================================================
  [motimg2video] PSNR=21.084 SSIM=0.7127 LPIPS=0.1495
  [motimg2video] video -> /weka/jungbin/cosmos_motion_ft_runs/ja_phase3_bridge_v2m_m2v_native_p1ema100k_p2native200k_headcam/eval_motion_clean_replacement5_step040000_unipc30/viz/motimg2video_t4_S01_20230726_s1_thomas_nixon_act3_vvy3pz_880.mp4

=== motion-recon eval | 5 windows | video2motion | /weka/jungbin/cosmos_motion_ft_runs/ja_phase3_bridge_v2m_m2v_native_p1ema100k_p2native200k_headcam/eval_motion_clean_replacement5_step040000_unipc30 ===
sequence                              mpjpe_m   pa_mpjpe_m     feat_mse    accel_err   accel_pred     accel_gt   root_err_m
---------------------------------------------------------------------------------------------------------------------------
t0_S19_20230919_s1_jessica_webst       0.3813       0.3031       0.5423       0.0167       0.0106       0.0152       0.3395
t1_S12_20231004_s0_corey_coleman       0.3391       0.1881       0.3742       0.0116       0.0073       0.0105       0.3008
t2_S19_20231117_s0_randy_martin_       0.2077       0.0907       0.2856       0.0089       0.0066       0.0083       0.1825
t3_S19_20231020_s0_anthony_chen_       0.1957       0.1045       0.2209       0.0092       0.0061       0.0081       0.2081
t4_S01_20230726_s1_thomas_nixon_       0.2995       0.1396       1.5023       0.0033       0.0018       0.0027       0.2900
---------------------------------------------------------------------------------------------------------------------------
MEAN                                   0.2847       0.1652       0.5851       0.0099       0.0065       0.0089       0.2642
MEDIAN                                 0.2995       0.1396       0.3742       0.0092       0.0066       0.0083       0.2900
guide: mpjpe_m/pa_mpjpe_m/root_err_m/accel_err all lower-better (m); accel_pred vs accel_gt = jitter ratio; feat_mse in z-scored space

==============================================================================
EVAL SUMMARY  |  /weka/jungbin/cosmos_motion_ft_runs/ja_phase3_bridge_v2m_m2v_native_p1ema100k_p2native200k_headcam/eval_motion_clean_replacement5_step040000_unipc30
==============================================================================
video2motion      MPJPE=0.285m  PA-MPJPE=0.165m  accel_err=0.010  (pred/gt jitter=0.7x)
v2m head-camera   trans=0.0090m  rot=0.940deg  GT-floor=0.0035m/1.611deg
motimg2video      5 clips generated
motimg2video      PSNR=15.842dB  SSIM=0.4466  LPIPS=0.4303

viz files written (10):
  /weka/jungbin/cosmos_motion_ft_runs/ja_phase3_bridge_v2m_m2v_native_p1ema100k_p2native200k_headcam/eval_motion_clean_replacement5_step040000_unipc30/viz/video2motion_t0_S19_20230919_s1_jessica_webster_act3_sry5zc_2040.mp4
  /weka/jungbin/cosmos_motion_ft_runs/ja_phase3_bridge_v2m_m2v_native_p1ema100k_p2native200k_headcam/eval_motion_clean_replacement5_step040000_unipc30/viz/motimg2video_t0_S19_20230919_s1_jessica_webster_act3_sry5zc_2040.mp4
  /weka/jungbin/cosmos_motion_ft_runs/ja_phase3_bridge_v2m_m2v_native_p1ema100k_p2native200k_headcam/eval_motion_clean_replacement5_step040000_unipc30/viz/video2motion_t1_S12_20231004_s0_corey_coleman_act3_45q7f3_200.mp4
  /weka/jungbin/cosmos_motion_ft_runs/ja_phase3_bridge_v2m_m2v_native_p1ema100k_p2native200k_headcam/eval_motion_clean_replacement5_step040000_unipc30/viz/motimg2video_t1_S12_20231004_s0_corey_coleman_act3_45q7f3_200.mp4
  /weka/jungbin/cosmos_motion_ft_runs/ja_phase3_bridge_v2m_m2v_native_p1ema100k_p2native200k_headcam/eval_motion_clean_replacement5_step040000_unipc30/viz/video2motion_t2_S19_20231117_s0_randy_martin_act4_hernaf_800.mp4
  /weka/jungbin/cosmos_motion_ft_runs/ja_phase3_bridge_v2m_m2v_native_p1ema100k_p2native200k_headcam/eval_motion_clean_replacement5_step040000_unipc30/viz/motimg2video_t2_S19_20231117_s0_randy_martin_act4_hernaf_800.mp4
  /weka/jungbin/cosmos_motion_ft_runs/ja_phase3_bridge_v2m_m2v_native_p1ema100k_p2native200k_headcam/eval_motion_clean_replacement5_step040000_unipc30/viz/video2motion_t3_S19_20231020_s0_anthony_chen_act1_vhzag9_2140.mp4
  /weka/jungbin/cosmos_motion_ft_runs/ja_phase3_bridge_v2m_m2v_native_p1ema100k_p2native200k_headcam/eval_motion_clean_replacement5_step040000_unipc30/viz/motimg2video_t3_S19_20231020_s0_anthony_chen_act1_vhzag9_2140.mp4
  /weka/jungbin/cosmos_motion_ft_runs/ja_phase3_bridge_v2m_m2v_native_p1ema100k_p2native200k_headcam/eval_motion_clean_replacement5_step040000_unipc30/viz/video2motion_t4_S01_20230726_s1_thomas_nixon_act3_vvy3pz_880.mp4
  /weka/jungbin/cosmos_motion_ft_runs/ja_phase3_bridge_v2m_m2v_native_p1ema100k_p2native200k_headcam/eval_motion_clean_replacement5_step040000_unipc30/viz/motimg2video_t4_S01_20230726_s1_thomas_nixon_act3_vvy3pz_880.mp4
==============================================================================
[p3hdcmp] COMPLETE output=/weka/jungbin/cosmos_motion_ft_runs/ja_phase3_bridge_v2m_m2v_native_p1ema100k_p2native200k/eval_motion_clean_replacement5_step200000_unipc30 date=Sun Jul 19 15:37:44 KST 2026
  [motimg2video] PSNR=21.253 SSIM=0.7127 LPIPS=0.1488
  [motimg2video] video -> /weka/jungbin/cosmos_motion_ft_runs/ja_phase3_bridge_v2m_m2v_native_p1ema100k_p2native200k/eval_motion_clean_replacement5_step040000_unipc30/viz/motimg2video_t4_S01_20230726_s1_thomas_nixon_act3_vvy3pz_880.mp4

=== motion-recon eval | 5 windows | video2motion | /weka/jungbin/cosmos_motion_ft_runs/ja_phase3_bridge_v2m_m2v_native_p1ema100k_p2native200k/eval_motion_clean_replacement5_step040000_unipc30 ===
sequence                              mpjpe_m   pa_mpjpe_m     feat_mse    accel_err   accel_pred     accel_gt   root_err_m
---------------------------------------------------------------------------------------------------------------------------
t0_S19_20230919_s1_jessica_webst       0.3927       0.2341       0.4261       0.0167       0.0125       0.0152       0.3549
t1_S12_20231004_s0_corey_coleman       0.3386       0.2126       0.4254       0.0127       0.0078       0.0105       0.2960
t2_S19_20231117_s0_randy_martin_       0.3025       0.1453       0.3171       0.0089       0.0066       0.0083       0.2762
t3_S19_20231020_s0_anthony_chen_       0.2491       0.1387       0.2439       0.0085       0.0048       0.0081       0.2521
t4_S01_20230726_s1_thomas_nixon_       0.2738       0.1623       1.9123       0.0036       0.0022       0.0027       0.2075
---------------------------------------------------------------------------------------------------------------------------
MEAN                                   0.3114       0.1786       0.6650       0.0101       0.0068       0.0089       0.2773
MEDIAN                                 0.3025       0.1623       0.4254       0.0089       0.0066       0.0083       0.2762
guide: mpjpe_m/pa_mpjpe_m/root_err_m/accel_err all lower-better (m); accel_pred vs accel_gt = jitter ratio; feat_mse in z-scored space

==============================================================================
EVAL SUMMARY  |  /weka/jungbin/cosmos_motion_ft_runs/ja_phase3_bridge_v2m_m2v_native_p1ema100k_p2native200k/eval_motion_clean_replacement5_step040000_unipc30
==============================================================================
video2motion      MPJPE=0.311m  PA-MPJPE=0.179m  accel_err=0.010  (pred/gt jitter=0.8x)
v2m head-camera   trans=0.0107m  rot=1.568deg  GT-floor=0.0035m/1.611deg
motimg2video      5 clips generated
motimg2video      PSNR=15.603dB  SSIM=0.4359  LPIPS=0.4432

viz files written (10):
  /weka/jungbin/cosmos_motion_ft_runs/ja_phase3_bridge_v2m_m2v_native_p1ema100k_p2native200k/eval_motion_clean_replacement5_step040000_unipc30/viz/video2motion_t0_S19_20230919_s1_jessica_webster_act3_sry5zc_2040.mp4
  /weka/jungbin/cosmos_motion_ft_runs/ja_phase3_bridge_v2m_m2v_native_p1ema100k_p2native200k/eval_motion_clean_replacement5_step040000_unipc30/viz/motimg2video_t0_S19_20230919_s1_jessica_webster_act3_sry5zc_2040.mp4
  /weka/jungbin/cosmos_motion_ft_runs/ja_phase3_bridge_v2m_m2v_native_p1ema100k_p2native200k/eval_motion_clean_replacement5_step040000_unipc30/viz/video2motion_t1_S12_20231004_s0_corey_coleman_act3_45q7f3_200.mp4
  /weka/jungbin/cosmos_motion_ft_runs/ja_phase3_bridge_v2m_m2v_native_p1ema100k_p2native200k/eval_motion_clean_replacement5_step040000_unipc30/viz/motimg2video_t1_S12_20231004_s0_corey_coleman_act3_45q7f3_200.mp4
  /weka/jungbin/cosmos_motion_ft_runs/ja_phase3_bridge_v2m_m2v_native_p1ema100k_p2native200k/eval_motion_clean_replacement5_step040000_unipc30/viz/video2motion_t2_S19_20231117_s0_randy_martin_act4_hernaf_800.mp4
  /weka/jungbin/cosmos_motion_ft_runs/ja_phase3_bridge_v2m_m2v_native_p1ema100k_p2native200k/eval_motion_clean_replacement5_step040000_unipc30/viz/motimg2video_t2_S19_20231117_s0_randy_martin_act4_hernaf_800.mp4
  /weka/jungbin/cosmos_motion_ft_runs/ja_phase3_bridge_v2m_m2v_native_p1ema100k_p2native200k/eval_motion_clean_replacement5_step040000_unipc30/viz/video2motion_t3_S19_20231020_s0_anthony_chen_act1_vhzag9_2140.mp4
  /weka/jungbin/cosmos_motion_ft_runs/ja_phase3_bridge_v2m_m2v_native_p1ema100k_p2native200k/eval_motion_clean_replacement5_step040000_unipc30/viz/motimg2video_t3_S19_20231020_s0_anthony_chen_act1_vhzag9_2140.mp4
  /weka/jungbin/cosmos_motion_ft_runs/ja_phase3_bridge_v2m_m2v_native_p1ema100k_p2native200k/eval_motion_clean_replacement5_step040000_unipc30/viz/video2motion_t4_S01_20230726_s1_thomas_nixon_act3_vvy3pz_880.mp4
  /weka/jungbin/cosmos_motion_ft_runs/ja_phase3_bridge_v2m_m2v_native_p1ema100k_p2native200k/eval_motion_clean_replacement5_step040000_unipc30/viz/motimg2video_t4_S01_20230726_s1_thomas_nixon_act3_vvy3pz_880.mp4
==============================================================================
[p3hdcmp] COMPLETE output=/weka/jungbin/cosmos_motion_ft_runs/ja_phase3_bridge_v2m_m2v_native_p1ema100k_p2native200k_headcam/eval_motion_clean_replacement5_step040000_unipc30 date=Sun Jul 19 15:37:46 KST 2026
  [video2motion] MPJPE=0.156 accel_err=0.005
  [video2motion head-camera] trans=0.0028m rot=0.853deg (GT calibration floor=0.0052m/0.906deg)
[p3hdcmp] COMPLETE output=/weka/jungbin/cosmos_motion_ft_runs/ja_phase3_bridge_v2m_m2v_native_p1ema100k_p2native200k/eval_motion_clean_replacement5_step040000_unipc30 date=Sun Jul 19 15:37:48 KST 2026
  [video2motion] MPJPE=0.180 accel_err=0.005
  [video2motion head-camera] trans=0.0038m rot=1.001deg (GT calibration floor=0.0052m/0.906deg)
  [video2motion] MPJPE=0.193 accel_err=0.005
  [video2motion head-camera] trans=0.0028m rot=0.560deg (GT calibration floor=0.0052m/0.906deg)
  [motimg2video] PSNR=17.448 SSIM=0.5171 LPIPS=0.3487
  [motimg2video] video -> /weka/jungbin/cosmos_motion_ft_runs/ja_phase3_bridge_v2m_m2v_native_p1ema100k_p2native200k/eval_full71_step200000_unipc30/viz/motimg2video_t5_S02_20231011_s1_daniel_kim_act2_6lxp22_101.mp4

[eval_all] [7/71] t6_S14_20230726_s1_thomas_nixon_act1_k0zomm_0
  [motimg2video] PSNR=16.579 SSIM=0.4918 LPIPS=0.3896
  [motimg2video] video -> /weka/jungbin/cosmos_motion_ft_runs/ja_phase3_bridge_v2m_m2v_native_p1ema100k_p2native200k/eval_full71_step040000_unipc30/viz/motimg2video_t5_S02_20231011_s1_daniel_kim_act2_6lxp22_101.mp4

[eval_all] [7/71] t6_S14_20230726_s1_thomas_nixon_act1_k0zomm_0
  [motimg2video] PSNR=17.720 SSIM=0.5268 LPIPS=0.3635
  [motimg2video] video -> /weka/jungbin/cosmos_motion_ft_runs/ja_phase3_bridge_v2m_m2v_native_p1ema100k_p2native200k_headcam/eval_full71_step040000_unipc30/viz/motimg2video_t5_S02_20231011_s1_daniel_kim_act2_6lxp22_101.mp4

[eval_all] [7/71] t6_S14_20230726_s1_thomas_nixon_act1_k0zomm_0
  [video2motion] MPJPE=0.095 accel_err=0.004
  [video2motion head-camera] trans=0.0033m rot=0.853deg (GT calibration floor=0.0016m/0.781deg)
  [video2motion] MPJPE=0.103 accel_err=0.004
  [video2motion head-camera] trans=0.0042m rot=0.952deg (GT calibration floor=0.0016m/0.781deg)
  [video2motion] MPJPE=0.084 accel_err=0.004
  [video2motion head-camera] trans=0.0025m rot=0.598deg (GT calibration floor=0.0016m/0.781deg)
  [motimg2video] PSNR=20.068 SSIM=0.6651 LPIPS=0.2435
  [motimg2video] video -> /weka/jungbin/cosmos_motion_ft_runs/ja_phase3_bridge_v2m_m2v_native_p1ema100k_p2native200k/eval_full71_step200000_unipc30/viz/motimg2video_t6_S14_20230726_s1_thomas_nixon_act1_k0zomm_0.mp4

[eval_all] [8/71] t7_S02_20230614_s1_matthew_harper_act1_cimupu_0
  [motimg2video] PSNR=17.694 SSIM=0.6339 LPIPS=0.3080
  [motimg2video] video -> /weka/jungbin/cosmos_motion_ft_runs/ja_phase3_bridge_v2m_m2v_native_p1ema100k_p2native200k/eval_full71_step040000_unipc30/viz/motimg2video_t6_S14_20230726_s1_thomas_nixon_act1_k0zomm_0.mp4

[eval_all] [8/71] t7_S02_20230614_s1_matthew_harper_act1_cimupu_0
  [motimg2video] PSNR=19.119 SSIM=0.6663 LPIPS=0.2497
  [motimg2video] video -> /weka/jungbin/cosmos_motion_ft_runs/ja_phase3_bridge_v2m_m2v_native_p1ema100k_p2native200k_headcam/eval_full71_step040000_unipc30/viz/motimg2video_t6_S14_20230726_s1_thomas_nixon_act1_k0zomm_0.mp4

[eval_all] [8/71] t7_S02_20230614_s1_matthew_harper_act1_cimupu_0
  [video2motion] MPJPE=0.182 accel_err=0.007
  [video2motion head-camera] trans=0.0081m rot=1.347deg (GT calibration floor=0.0053m/1.231deg)
  [video2motion] MPJPE=0.163 accel_err=0.007
  [video2motion head-camera] trans=0.0090m rot=1.509deg (GT calibration floor=0.0053m/1.231deg)
  [video2motion] MPJPE=0.129 accel_err=0.007
  [video2motion head-camera] trans=0.0069m rot=1.036deg (GT calibration floor=0.0053m/1.231deg)
  [motimg2video] PSNR=15.975 SSIM=0.5316 LPIPS=0.4588
  [motimg2video] video -> /weka/jungbin/cosmos_motion_ft_runs/ja_phase3_bridge_v2m_m2v_native_p1ema100k_p2native200k/eval_full71_step200000_unipc30/viz/motimg2video_t7_S02_20230614_s1_matthew_harper_act1_cimupu_0.mp4

[eval_all] [9/71] t8_S02_20231003_s1_allen_evans_act0_1w2b7b_0
  [motimg2video] PSNR=15.247 SSIM=0.5312 LPIPS=0.4938
  [motimg2video] video -> /weka/jungbin/cosmos_motion_ft_runs/ja_phase3_bridge_v2m_m2v_native_p1ema100k_p2native200k/eval_full71_step040000_unipc30/viz/motimg2video_t7_S02_20230614_s1_matthew_harper_act1_cimupu_0.mp4

[eval_all] [9/71] t8_S02_20231003_s1_allen_evans_act0_1w2b7b_0
  [motimg2video] PSNR=15.956 SSIM=0.5303 LPIPS=0.4514
  [video2motion] MPJPE=0.092 accel_err=0.004
  [video2motion head-camera] trans=0.0048m rot=1.157deg (GT calibration floor=0.0024m/0.826deg)
  [motimg2video] video -> /weka/jungbin/cosmos_motion_ft_runs/ja_phase3_bridge_v2m_m2v_native_p1ema100k_p2native200k_headcam/eval_full71_step040000_unipc30/viz/motimg2video_t7_S02_20230614_s1_matthew_harper_act1_cimupu_0.mp4

[eval_all] [9/71] t8_S02_20231003_s1_allen_evans_act0_1w2b7b_0
  [video2motion] MPJPE=0.110 accel_err=0.005
  [video2motion head-camera] trans=0.0059m rot=1.301deg (GT calibration floor=0.0024m/0.826deg)
  [video2motion] MPJPE=0.098 accel_err=0.004
  [video2motion head-camera] trans=0.0048m rot=0.921deg (GT calibration floor=0.0024m/0.826deg)
  [motimg2video] PSNR=14.332 SSIM=0.5273 LPIPS=0.4211
  [motimg2video] video -> /weka/jungbin/cosmos_motion_ft_runs/ja_phase3_bridge_v2m_m2v_native_p1ema100k_p2native200k/eval_full71_step200000_unipc30/viz/motimg2video_t8_S02_20231003_s1_allen_evans_act0_1w2b7b_0.mp4

[eval_all] [10/71] t9_S02_20231128_s1_michael_vargas_act0_yvskcx_0
  [motimg2video] PSNR=15.475 SSIM=0.5739 LPIPS=0.3872
  [motimg2video] video -> /weka/jungbin/cosmos_motion_ft_runs/ja_phase3_bridge_v2m_m2v_native_p1ema100k_p2native200k/eval_full71_step040000_unipc30/viz/motimg2video_t8_S02_20231003_s1_allen_evans_act0_1w2b7b_0.mp4

[eval_all] [10/71] t9_S02_20231128_s1_michael_vargas_act0_yvskcx_0
  [motimg2video] PSNR=14.351 SSIM=0.5290 LPIPS=0.4163
  [motimg2video] video -> /weka/jungbin/cosmos_motion_ft_runs/ja_phase3_bridge_v2m_m2v_native_p1ema100k_p2native200k_headcam/eval_full71_step040000_unipc30/viz/motimg2video_t8_S02_20231003_s1_allen_evans_act0_1w2b7b_0.mp4

[eval_all] [10/71] t9_S02_20231128_s1_michael_vargas_act0_yvskcx_0
  [video2motion] MPJPE=0.182 accel_err=0.007
  [video2motion head-camera] trans=0.0112m rot=3.033deg (GT calibration floor=0.0043m/2.414deg)
  [video2motion] MPJPE=0.276 accel_err=0.007
  [video2motion head-camera] trans=0.0115m rot=2.992deg (GT calibration floor=0.0043m/2.414deg)
  [video2motion] MPJPE=0.203 accel_err=0.008
  [video2motion head-camera] trans=0.0118m rot=2.058deg (GT calibration floor=0.0043m/2.414deg)
  [motimg2video] PSNR=16.357 SSIM=0.5829 LPIPS=0.4889
  [motimg2video] video -> /weka/jungbin/cosmos_motion_ft_runs/ja_phase3_bridge_v2m_m2v_native_p1ema100k_p2native200k/eval_full71_step200000_unipc30/viz/motimg2video_t9_S02_20231128_s1_michael_vargas_act0_yvskcx_0.mp4

[eval_all] [11/71] t10_S11_20230816_s1_jeffery_bryant_act1_2a6fxu_0
  [motimg2video] PSNR=15.443 SSIM=0.5787 LPIPS=0.5191
  [motimg2video] video -> /weka/jungbin/cosmos_motion_ft_runs/ja_phase3_bridge_v2m_m2v_native_p1ema100k_p2native200k/eval_full71_step040000_unipc30/viz/motimg2video_t9_S02_20231128_s1_michael_vargas_act0_yvskcx_0.mp4

[eval_all] [11/71] t10_S11_20230816_s1_jeffery_bryant_act1_2a6fxu_0
  [motimg2video] PSNR=16.142 SSIM=0.5992 LPIPS=0.4886
  [motimg2video] video -> /weka/jungbin/cosmos_motion_ft_runs/ja_phase3_bridge_v2m_m2v_native_p1ema100k_p2native200k_headcam/eval_full71_step040000_unipc30/viz/motimg2video_t9_S02_20231128_s1_michael_vargas_act0_yvskcx_0.mp4

[eval_all] [11/71] t10_S11_20230816_s1_jeffery_bryant_act1_2a6fxu_0
  [video2motion] MPJPE=0.114 accel_err=0.007
  [video2motion head-camera] trans=0.0068m rot=1.394deg (GT calibration floor=0.0064m/1.373deg)
  [video2motion] MPJPE=0.093 accel_err=0.007
  [video2motion head-camera] trans=0.0075m rot=1.504deg (GT calibration floor=0.0064m/1.373deg)
  [video2motion] MPJPE=0.177 accel_err=0.007
  [video2motion head-camera] trans=0.0082m rot=1.100deg (GT calibration floor=0.0064m/1.373deg)
  [motimg2video] PSNR=15.936 SSIM=0.4768 LPIPS=0.4388
  [motimg2video] video -> /weka/jungbin/cosmos_motion_ft_runs/ja_phase3_bridge_v2m_m2v_native_p1ema100k_p2native200k/eval_full71_step200000_unipc30/viz/motimg2video_t10_S11_20230816_s1_jeffery_bryant_act1_2a6fxu_0.mp4

[eval_all] [12/71] t11_S05_20230817_s1_rebecca_ward_act2_39a7o2_200
  [motimg2video] PSNR=14.810 SSIM=0.4710 LPIPS=0.5116
  [motimg2video] video -> /weka/jungbin/cosmos_motion_ft_runs/ja_phase3_bridge_v2m_m2v_native_p1ema100k_p2native200k/eval_full71_step040000_unipc30/viz/motimg2video_t10_S11_20230816_s1_jeffery_bryant_act1_2a6fxu_0.mp4

[eval_all] [12/71] t11_S05_20230817_s1_rebecca_ward_act2_39a7o2_200
  [motimg2video] PSNR=15.349 SSIM=0.4828 LPIPS=0.4462
  [motimg2video] video -> /weka/jungbin/cosmos_motion_ft_runs/ja_phase3_bridge_v2m_m2v_native_p1ema100k_p2native200k_headcam/eval_full71_step040000_unipc30/viz/motimg2video_t10_S11_20230816_s1_jeffery_bryant_act1_2a6fxu_0.mp4

[eval_all] [12/71] t11_S05_20230817_s1_rebecca_ward_act2_39a7o2_200
  [video2motion] MPJPE=0.407 accel_err=0.007
  [video2motion head-camera] trans=0.0075m rot=1.290deg (GT calibration floor=0.0087m/1.126deg)
  [video2motion] MPJPE=0.429 accel_err=0.007
  [video2motion head-camera] trans=0.0075m rot=1.478deg (GT calibration floor=0.0087m/1.126deg)
  [video2motion] MPJPE=0.540 accel_err=0.007
  [video2motion head-camera] trans=0.0075m rot=0.883deg (GT calibration floor=0.0087m/1.126deg)
  [motimg2video] PSNR=15.993 SSIM=0.5112 LPIPS=0.4310
  [motimg2video] video -> /weka/jungbin/cosmos_motion_ft_runs/ja_phase3_bridge_v2m_m2v_native_p1ema100k_p2native200k/eval_full71_step200000_unipc30/viz/motimg2video_t11_S05_20230817_s1_rebecca_ward_act2_39a7o2_200.mp4

[eval_all] [13/71] t12_S08_20230728_s0_lauren_mayer_act0_wv6a30_0
  [motimg2video] PSNR=15.537 SSIM=0.5086 LPIPS=0.4717
  [motimg2video] PSNR=15.440 SSIM=0.5022 LPIPS=0.4498
  [motimg2video] video -> /weka/jungbin/cosmos_motion_ft_runs/ja_phase3_bridge_v2m_m2v_native_p1ema100k_p2native200k/eval_full71_step040000_unipc30/viz/motimg2video_t11_S05_20230817_s1_rebecca_ward_act2_39a7o2_200.mp4

[eval_all] [13/71] t12_S08_20230728_s0_lauren_mayer_act0_wv6a30_0
  [motimg2video] video -> /weka/jungbin/cosmos_motion_ft_runs/ja_phase3_bridge_v2m_m2v_native_p1ema100k_p2native200k_headcam/eval_full71_step040000_unipc30/viz/motimg2video_t11_S05_20230817_s1_rebecca_ward_act2_39a7o2_200.mp4

[eval_all] [13/71] t12_S08_20230728_s0_lauren_mayer_act0_wv6a30_0
  [video2motion] MPJPE=0.092 accel_err=0.004
  [video2motion head-camera] trans=0.0026m rot=0.683deg (GT calibration floor=0.0012m/0.774deg)
  [video2motion] MPJPE=0.092 accel_err=0.004
  [video2motion head-camera] trans=0.0029m rot=0.800deg (GT calibration floor=0.0012m/0.774deg)
  [video2motion] MPJPE=0.112 accel_err=0.005
  [video2motion head-camera] trans=0.0032m rot=0.683deg (GT calibration floor=0.0012m/0.774deg)
  [motimg2video] PSNR=17.794 SSIM=0.5917 LPIPS=0.3007
  [motimg2video] video -> /weka/jungbin/cosmos_motion_ft_runs/ja_phase3_bridge_v2m_m2v_native_p1ema100k_p2native200k/eval_full71_step200000_unipc30/viz/motimg2video_t12_S08_20230728_s0_lauren_mayer_act0_wv6a30_0.mp4

[eval_all] [14/71] t13_S12_20231004_s0_corey_coleman_act3_45q7f3_0
  [motimg2video] PSNR=17.503 SSIM=0.5773 LPIPS=0.3117
  [motimg2video] PSNR=18.304 SSIM=0.6062 LPIPS=0.2949
  [motimg2video] video -> /weka/jungbin/cosmos_motion_ft_runs/ja_phase3_bridge_v2m_m2v_native_p1ema100k_p2native200k/eval_full71_step040000_unipc30/viz/motimg2video_t12_S08_20230728_s0_lauren_mayer_act0_wv6a30_0.mp4

[eval_all] [14/71] t13_S12_20231004_s0_corey_coleman_act3_45q7f3_0
  [motimg2video] video -> /weka/jungbin/cosmos_motion_ft_runs/ja_phase3_bridge_v2m_m2v_native_p1ema100k_p2native200k_headcam/eval_full71_step040000_unipc30/viz/motimg2video_t12_S08_20230728_s0_lauren_mayer_act0_wv6a30_0.mp4

[eval_all] [14/71] t13_S12_20231004_s0_corey_coleman_act3_45q7f3_0
  [video2motion] MPJPE=2.345 accel_err=0.010
  [video2motion head-camera] trans=0.0127m rot=1.733deg (GT calibration floor=0.0042m/2.107deg)
  [video2motion] MPJPE=2.321 accel_err=0.011
  [video2motion head-camera] trans=0.0140m rot=1.794deg (GT calibration floor=0.0042m/2.107deg)
  [video2motion] MPJPE=2.352 accel_err=0.010
  [video2motion head-camera] trans=0.0109m rot=1.043deg (GT calibration floor=0.0042m/2.107deg)
  [motimg2video] PSNR=15.407 SSIM=0.3938 LPIPS=0.5211
  [motimg2video] video -> /weka/jungbin/cosmos_motion_ft_runs/ja_phase3_bridge_v2m_m2v_native_p1ema100k_p2native200k/eval_full71_step200000_unipc30/viz/motimg2video_t13_S12_20231004_s0_corey_coleman_act3_45q7f3_0.mp4

[eval_all] [15/71] t14_S10_20230719_s0_shane_smith_act3_sfxa5j_0
  [motimg2video] PSNR=14.871 SSIM=0.3896 LPIPS=0.5334
  [motimg2video] PSNR=14.399 SSIM=0.3906 LPIPS=0.5438
  [video2motion] MPJPE=0.103 accel_err=0.005
  [video2motion head-camera] trans=0.0045m rot=1.677deg (GT calibration floor=0.0018m/1.283deg)
  [motimg2video] video -> /weka/jungbin/cosmos_motion_ft_runs/ja_phase3_bridge_v2m_m2v_native_p1ema100k_p2native200k/eval_full71_step040000_unipc30/viz/motimg2video_t13_S12_20231004_s0_corey_coleman_act3_45q7f3_0.mp4

[eval_all] [15/71] t14_S10_20230719_s0_shane_smith_act3_sfxa5j_0
  [motimg2video] video -> /weka/jungbin/cosmos_motion_ft_runs/ja_phase3_bridge_v2m_m2v_native_p1ema100k_p2native200k_headcam/eval_full71_step040000_unipc30/viz/motimg2video_t13_S12_20231004_s0_corey_coleman_act3_45q7f3_0.mp4

[eval_all] [15/71] t14_S10_20230719_s0_shane_smith_act3_sfxa5j_0
  [video2motion] MPJPE=0.132 accel_err=0.005
  [video2motion head-camera] trans=0.0045m rot=1.197deg (GT calibration floor=0.0018m/1.283deg)
  [video2motion] MPJPE=0.112 accel_err=0.005
  [video2motion head-camera] trans=0.0050m rot=1.639deg (GT calibration floor=0.0018m/1.283deg)
  [motimg2video] PSNR=17.863 SSIM=0.5431 LPIPS=0.2937
  [motimg2video] video -> /weka/jungbin/cosmos_motion_ft_runs/ja_phase3_bridge_v2m_m2v_native_p1ema100k_p2native200k/eval_full71_step200000_unipc30/viz/motimg2video_t14_S10_20230719_s0_shane_smith_act3_sfxa5j_0.mp4

[eval_all] [16/71] t15_S16_20230926_s1_megan_mejia_act1_bxit2f_180
  [video2motion] MPJPE=0.310 accel_err=0.008
  [video2motion head-camera] trans=0.0075m rot=1.555deg (GT calibration floor=0.0080m/1.434deg)
  [motimg2video] PSNR=17.520 SSIM=0.5547 LPIPS=0.2834
  [motimg2video] PSNR=16.916 SSIM=0.5146 LPIPS=0.3596
  [motimg2video] video -> /weka/jungbin/cosmos_motion_ft_runs/ja_phase3_bridge_v2m_m2v_native_p1ema100k_p2native200k_headcam/eval_full71_step040000_unipc30/viz/motimg2video_t14_S10_20230719_s0_shane_smith_act3_sfxa5j_0.mp4

[eval_all] [16/71] t15_S16_20230926_s1_megan_mejia_act1_bxit2f_180
  [motimg2video] video -> /weka/jungbin/cosmos_motion_ft_runs/ja_phase3_bridge_v2m_m2v_native_p1ema100k_p2native200k/eval_full71_step040000_unipc30/viz/motimg2video_t14_S10_20230719_s0_shane_smith_act3_sfxa5j_0.mp4

[eval_all] [16/71] t15_S16_20230926_s1_megan_mejia_act1_bxit2f_180
  [video2motion] MPJPE=0.249 accel_err=0.009
  [video2motion head-camera] trans=0.0113m rot=1.264deg (GT calibration floor=0.0080m/1.434deg)
  [video2motion] MPJPE=0.212 accel_err=0.008
  [video2motion head-camera] trans=0.0130m rot=1.820deg (GT calibration floor=0.0080m/1.434deg)
  [motimg2video] PSNR=14.995 SSIM=0.5567 LPIPS=0.4410
  [motimg2video] video -> /weka/jungbin/cosmos_motion_ft_runs/ja_phase3_bridge_v2m_m2v_native_p1ema100k_p2native200k/eval_full71_step200000_unipc30/viz/motimg2video_t15_S16_20230926_s1_megan_mejia_act1_bxit2f_180.mp4

[eval_all] [17/71] t16_S02_20231102_s0_samuel_rogers_act0_x6hia4_0
  [motimg2video] PSNR=15.593 SSIM=0.5822 LPIPS=0.3880
  [video2motion] MPJPE=0.140 accel_err=0.006
  [video2motion head-camera] trans=0.0050m rot=1.000deg (GT calibration floor=0.0026m/0.946deg)
  [motimg2video] video -> /weka/jungbin/cosmos_motion_ft_runs/ja_phase3_bridge_v2m_m2v_native_p1ema100k_p2native200k_headcam/eval_full71_step040000_unipc30/viz/motimg2video_t15_S16_20230926_s1_megan_mejia_act1_bxit2f_180.mp4

[eval_all] [17/71] t16_S02_20231102_s0_samuel_rogers_act0_x6hia4_0
  [motimg2video] PSNR=14.640 SSIM=0.5055 LPIPS=0.5377
  [motimg2video] video -> /weka/jungbin/cosmos_motion_ft_runs/ja_phase3_bridge_v2m_m2v_native_p1ema100k_p2native200k/eval_full71_step040000_unipc30/viz/motimg2video_t15_S16_20230926_s1_megan_mejia_act1_bxit2f_180.mp4

[eval_all] [17/71] t16_S02_20231102_s0_samuel_rogers_act0_x6hia4_0
  [video2motion] MPJPE=0.207 accel_err=0.006
  [video2motion head-camera] trans=0.0071m rot=0.805deg (GT calibration floor=0.0026m/0.946deg)
  [video2motion] MPJPE=0.176 accel_err=0.006
  [video2motion head-camera] trans=0.0066m rot=1.318deg (GT calibration floor=0.0026m/0.946deg)
  [motimg2video] PSNR=19.505 SSIM=0.5983 LPIPS=0.2868
  [motimg2video] video -> /weka/jungbin/cosmos_motion_ft_runs/ja_phase3_bridge_v2m_m2v_native_p1ema100k_p2native200k/eval_full71_step200000_unipc30/viz/motimg2video_t16_S02_20231102_s0_samuel_rogers_act0_x6hia4_0.mp4

[eval_all] [18/71] t17_S05_20230803_s1_jennifer_sexton_act2_s5pwb5_0
  [video2motion] MPJPE=0.192 accel_err=0.005
  [video2motion head-camera] trans=0.0053m rot=0.790deg (GT calibration floor=0.0031m/1.045deg)
  [motimg2video] PSNR=19.260 SSIM=0.5973 LPIPS=0.3011
  [motimg2video] PSNR=16.774 SSIM=0.5201 LPIPS=0.4480
  [motimg2video] video -> /weka/jungbin/cosmos_motion_ft_runs/ja_phase3_bridge_v2m_m2v_native_p1ema100k_p2native200k_headcam/eval_full71_step040000_unipc30/viz/motimg2video_t16_S02_20231102_s0_samuel_rogers_act0_x6hia4_0.mp4

[eval_all] [18/71] t17_S05_20230803_s1_jennifer_sexton_act2_s5pwb5_0
  [motimg2video] video -> /weka/jungbin/cosmos_motion_ft_runs/ja_phase3_bridge_v2m_m2v_native_p1ema100k_p2native200k/eval_full71_step040000_unipc30/viz/motimg2video_t16_S02_20231102_s0_samuel_rogers_act0_x6hia4_0.mp4

[eval_all] [18/71] t17_S05_20230803_s1_jennifer_sexton_act2_s5pwb5_0
  [video2motion] MPJPE=0.165 accel_err=0.005
  [video2motion head-camera] trans=0.0050m rot=0.576deg (GT calibration floor=0.0031m/1.045deg)
  [video2motion] MPJPE=0.193 accel_err=0.005
  [video2motion head-camera] trans=0.0052m rot=0.720deg (GT calibration floor=0.0031m/1.045deg)
  [motimg2video] PSNR=14.228 SSIM=0.6087 LPIPS=0.4307
  [motimg2video] video -> /weka/jungbin/cosmos_motion_ft_runs/ja_phase3_bridge_v2m_m2v_native_p1ema100k_p2native200k/eval_full71_step200000_unipc30/viz/motimg2video_t17_S05_20230803_s1_jennifer_sexton_act2_s5pwb5_0.mp4

[eval_all] [19/71] t18_S01_20230705_s0_william_davis_act4_h94ovw_0
  [video2motion] MPJPE=0.598 accel_err=0.008
  [video2motion head-camera] trans=0.0099m rot=1.163deg (GT calibration floor=0.0153m/1.461deg)
  [motimg2video] PSNR=13.690 SSIM=0.5987 LPIPS=0.4578
  [motimg2video] video -> /weka/jungbin/cosmos_motion_ft_runs/ja_phase3_bridge_v2m_m2v_native_p1ema100k_p2native200k_headcam/eval_full71_step040000_unipc30/viz/motimg2video_t17_S05_20230803_s1_jennifer_sexton_act2_s5pwb5_0.mp4

[eval_all] [19/71] t18_S01_20230705_s0_william_davis_act4_h94ovw_0
  [motimg2video] PSNR=14.034 SSIM=0.6148 LPIPS=0.4539
  [motimg2video] video -> /weka/jungbin/cosmos_motion_ft_runs/ja_phase3_bridge_v2m_m2v_native_p1ema100k_p2native200k/eval_full71_step040000_unipc30/viz/motimg2video_t17_S05_20230803_s1_jennifer_sexton_act2_s5pwb5_0.mp4

[eval_all] [19/71] t18_S01_20230705_s0_william_davis_act4_h94ovw_0
  [video2motion] MPJPE=0.605 accel_err=0.008
  [video2motion head-camera] trans=0.0075m rot=0.843deg (GT calibration floor=0.0153m/1.461deg)
  [video2motion] MPJPE=0.620 accel_err=0.008
  [video2motion head-camera] trans=0.0100m rot=1.354deg (GT calibration floor=0.0153m/1.461deg)
  [motimg2video] PSNR=15.179 SSIM=0.4791 LPIPS=0.4394
  [motimg2video] video -> /weka/jungbin/cosmos_motion_ft_runs/ja_phase3_bridge_v2m_m2v_native_p1ema100k_p2native200k/eval_full71_step200000_unipc30/viz/motimg2video_t18_S01_20230705_s0_william_davis_act4_h94ovw_0.mp4

[eval_all] [20/71] t19_S01_20230607_s1_barbara_wheeler_act4_5adv12_100
  [video2motion] MPJPE=0.185 accel_err=0.006
  [video2motion head-camera] trans=0.0090m rot=1.007deg (GT calibration floor=0.0087m/0.984deg)
  [motimg2video] PSNR=14.093 SSIM=0.4613 LPIPS=0.4849
  [motimg2video] video -> /weka/jungbin/cosmos_motion_ft_runs/ja_phase3_bridge_v2m_m2v_native_p1ema100k_p2native200k_headcam/eval_full71_step040000_unipc30/viz/motimg2video_t18_S01_20230705_s0_william_davis_act4_h94ovw_0.mp4

[eval_all] [20/71] t19_S01_20230607_s1_barbara_wheeler_act4_5adv12_100
  [motimg2video] PSNR=14.468 SSIM=0.4778 LPIPS=0.4796
  [motimg2video] video -> /weka/jungbin/cosmos_motion_ft_runs/ja_phase3_bridge_v2m_m2v_native_p1ema100k_p2native200k/eval_full71_step040000_unipc30/viz/motimg2video_t18_S01_20230705_s0_william_davis_act4_h94ovw_0.mp4

[eval_all] [20/71] t19_S01_20230607_s1_barbara_wheeler_act4_5adv12_100
  [video2motion] MPJPE=0.205 accel_err=0.006
  [video2motion head-camera] trans=0.0072m rot=0.811deg (GT calibration floor=0.0087m/0.984deg)
  [video2motion] MPJPE=0.255 accel_err=0.006
  [video2motion head-camera] trans=0.0106m rot=1.079deg (GT calibration floor=0.0087m/0.984deg)
  [motimg2video] PSNR=13.234 SSIM=0.3947 LPIPS=0.4763
  [motimg2video] video -> /weka/jungbin/cosmos_motion_ft_runs/ja_phase3_bridge_v2m_m2v_native_p1ema100k_p2native200k/eval_full71_step200000_unipc30/viz/motimg2video_t19_S01_20230607_s1_barbara_wheeler_act4_5adv12_100.mp4

[eval_all] [21/71] t20_S03_20230831_s1_ronald_harris_act0_7ob6gu_0
  [video2motion] MPJPE=0.091 accel_err=0.005
  [video2motion head-camera] trans=0.0037m rot=0.690deg (GT calibration floor=0.0017m/0.652deg)
  [motimg2video] PSNR=13.506 SSIM=0.4126 LPIPS=0.4423
  [motimg2video] video -> /weka/jungbin/cosmos_motion_ft_runs/ja_phase3_bridge_v2m_m2v_native_p1ema100k_p2native200k_headcam/eval_full71_step040000_unipc30/viz/motimg2video_t19_S01_20230607_s1_barbara_wheeler_act4_5adv12_100.mp4

[eval_all] [21/71] t20_S03_20230831_s1_ronald_harris_act0_7ob6gu_0
  [motimg2video] PSNR=12.476 SSIM=0.3984 LPIPS=0.4886
  [motimg2video] video -> /weka/jungbin/cosmos_motion_ft_runs/ja_phase3_bridge_v2m_m2v_native_p1ema100k_p2native200k/eval_full71_step040000_unipc30/viz/motimg2video_t19_S01_20230607_s1_barbara_wheeler_act4_5adv12_100.mp4

[eval_all] [21/71] t20_S03_20230831_s1_ronald_harris_act0_7ob6gu_0
  [video2motion] MPJPE=0.112 accel_err=0.004
  [video2motion head-camera] trans=0.0033m rot=0.507deg (GT calibration floor=0.0017m/0.652deg)
  [video2motion] MPJPE=0.090 accel_err=0.004
  [video2motion head-camera] trans=0.0037m rot=0.723deg (GT calibration floor=0.0017m/0.652deg)
  [motimg2video] PSNR=17.452 SSIM=0.5584 LPIPS=0.2442
  [motimg2video] video -> /weka/jungbin/cosmos_motion_ft_runs/ja_phase3_bridge_v2m_m2v_native_p1ema100k_p2native200k/eval_full71_step200000_unipc30/viz/motimg2video_t20_S03_20230831_s1_ronald_harris_act0_7ob6gu_0.mp4

[eval_all] [22/71] t21_S06_20230707_s1_elizabeth_tucker_act3_28shs9_0
  [video2motion] MPJPE=0.128 accel_err=0.007
  [video2motion head-camera] trans=0.0065m rot=1.005deg (GT calibration floor=0.0120m/1.327deg)
  [motimg2video] PSNR=17.539 SSIM=0.5563 LPIPS=0.2670
  [motimg2video] video -> /weka/jungbin/cosmos_motion_ft_runs/ja_phase3_bridge_v2m_m2v_native_p1ema100k_p2native200k_headcam/eval_full71_step040000_unipc30/viz/motimg2video_t20_S03_20230831_s1_ronald_harris_act0_7ob6gu_0.mp4

[eval_all] [22/71] t21_S06_20230707_s1_elizabeth_tucker_act3_28shs9_0
  [motimg2video] PSNR=14.138 SSIM=0.4737 LPIPS=0.4857
  [motimg2video] video -> /weka/jungbin/cosmos_motion_ft_runs/ja_phase3_bridge_v2m_m2v_native_p1ema100k_p2native200k/eval_full71_step040000_unipc30/viz/motimg2video_t20_S03_20230831_s1_ronald_harris_act0_7ob6gu_0.mp4

[eval_all] [22/71] t21_S06_20230707_s1_elizabeth_tucker_act3_28shs9_0
  [video2motion] MPJPE=0.153 accel_err=0.007
  [video2motion head-camera] trans=0.0075m rot=0.663deg (GT calibration floor=0.0120m/1.327deg)
  [video2motion] MPJPE=0.172 accel_err=0.008
  [video2motion head-camera] trans=0.0088m rot=1.192deg (GT calibration floor=0.0120m/1.327deg)
  [motimg2video] PSNR=14.214 SSIM=0.3951 LPIPS=0.5030
  [motimg2video] video -> /weka/jungbin/cosmos_motion_ft_runs/ja_phase3_bridge_v2m_m2v_native_p1ema100k_p2native200k/eval_full71_step200000_unipc30/viz/motimg2video_t21_S06_20230707_s1_elizabeth_tucker_act3_28shs9_0.mp4

[eval_all] [23/71] t22_S19_20230926_s1_megan_mejia_act4_qfzkks_900
  [motimg2video] PSNR=14.699 SSIM=0.4145 LPIPS=0.4768
  [video2motion] MPJPE=0.363 accel_err=0.007
  [video2motion head-camera] trans=0.0111m rot=1.715deg (GT calibration floor=0.0040m/1.623deg)
  [motimg2video] video -> /weka/jungbin/cosmos_motion_ft_runs/ja_phase3_bridge_v2m_m2v_native_p1ema100k_p2native200k_headcam/eval_full71_step040000_unipc30/viz/motimg2video_t21_S06_20230707_s1_elizabeth_tucker_act3_28shs9_0.mp4

[eval_all] [23/71] t22_S19_20230926_s1_megan_mejia_act4_qfzkks_900
  [motimg2video] PSNR=13.338 SSIM=0.3746 LPIPS=0.5320
  [video2motion] MPJPE=0.311 accel_err=0.007
  [video2motion head-camera] trans=0.0103m rot=1.267deg (GT calibration floor=0.0040m/1.623deg)
  [motimg2video] video -> /weka/jungbin/cosmos_motion_ft_runs/ja_phase3_bridge_v2m_m2v_native_p1ema100k_p2native200k/eval_full71_step040000_unipc30/viz/motimg2video_t21_S06_20230707_s1_elizabeth_tucker_act3_28shs9_0.mp4

[eval_all] [23/71] t22_S19_20230926_s1_megan_mejia_act4_qfzkks_900
  [video2motion] MPJPE=0.359 accel_err=0.007
  [video2motion head-camera] trans=0.0121m rot=1.841deg (GT calibration floor=0.0040m/1.623deg)
  [motimg2video] PSNR=14.236 SSIM=0.4137 LPIPS=0.4998
  [motimg2video] video -> /weka/jungbin/cosmos_motion_ft_runs/ja_phase3_bridge_v2m_m2v_native_p1ema100k_p2native200k/eval_full71_step200000_unipc30/viz/motimg2video_t22_S19_20230926_s1_megan_mejia_act4_qfzkks_900.mp4

[eval_all] [24/71] t23_S01_20230612_s1_christina_jones_act1_ixxtbh_0
  [video2motion] MPJPE=0.164 accel_err=0.004
  [video2motion head-camera] trans=0.0024m rot=0.755deg (GT calibration floor=0.0018m/0.730deg)
  [motimg2video] PSNR=14.187 SSIM=0.4284 LPIPS=0.4906
  [motimg2video] video -> /weka/jungbin/cosmos_motion_ft_runs/ja_phase3_bridge_v2m_m2v_native_p1ema100k_p2native200k_headcam/eval_full71_step040000_unipc30/viz/motimg2video_t22_S19_20230926_s1_megan_mejia_act4_qfzkks_900.mp4

[eval_all] [24/71] t23_S01_20230612_s1_christina_jones_act1_ixxtbh_0
  [motimg2video] PSNR=12.654 SSIM=0.3485 LPIPS=0.6039
  [video2motion] MPJPE=0.160 accel_err=0.004
  [video2motion head-camera] trans=0.0028m rot=0.520deg (GT calibration floor=0.0018m/0.730deg)
  [motimg2video] video -> /weka/jungbin/cosmos_motion_ft_runs/ja_phase3_bridge_v2m_m2v_native_p1ema100k_p2native200k/eval_full71_step040000_unipc30/viz/motimg2video_t22_S19_20230926_s1_megan_mejia_act4_qfzkks_900.mp4

[eval_all] [24/71] t23_S01_20230612_s1_christina_jones_act1_ixxtbh_0
  [video2motion] MPJPE=0.166 accel_err=0.004
  [video2motion head-camera] trans=0.0032m rot=0.857deg (GT calibration floor=0.0018m/0.730deg)
  [motimg2video] PSNR=21.225 SSIM=0.6118 LPIPS=0.2215
  [motimg2video] video -> /weka/jungbin/cosmos_motion_ft_runs/ja_phase3_bridge_v2m_m2v_native_p1ema100k_p2native200k/eval_full71_step200000_unipc30/viz/motimg2video_t23_S01_20230612_s1_christina_jones_act1_ixxtbh_0.mp4

[eval_all] [25/71] t24_S19_20231117_s0_randy_martin_act4_hernaf_100
  [video2motion] MPJPE=0.230 accel_err=0.008
  [video2motion head-camera] trans=0.0105m rot=1.871deg (GT calibration floor=0.0065m/2.049deg)
  [motimg2video] PSNR=21.863 SSIM=0.6474 LPIPS=0.2079
  [motimg2video] video -> /weka/jungbin/cosmos_motion_ft_runs/ja_phase3_bridge_v2m_m2v_native_p1ema100k_p2native200k_headcam/eval_full71_step040000_unipc30/viz/motimg2video_t23_S01_20230612_s1_christina_jones_act1_ixxtbh_0.mp4

[eval_all] [25/71] t24_S19_20231117_s0_randy_martin_act4_hernaf_100
  [motimg2video] PSNR=21.274 SSIM=0.6154 LPIPS=0.2365
  [video2motion] MPJPE=0.239 accel_err=0.008
  [video2motion head-camera] trans=0.0105m rot=1.147deg (GT calibration floor=0.0065m/2.049deg)
  [motimg2video] video -> /weka/jungbin/cosmos_motion_ft_runs/ja_phase3_bridge_v2m_m2v_native_p1ema100k_p2native200k/eval_full71_step040000_unipc30/viz/motimg2video_t23_S01_20230612_s1_christina_jones_act1_ixxtbh_0.mp4

[eval_all] [25/71] t24_S19_20231117_s0_randy_martin_act4_hernaf_100
  [video2motion] MPJPE=0.206 accel_err=0.008
  [video2motion head-camera] trans=0.0131m rot=1.874deg (GT calibration floor=0.0065m/2.049deg)
  [motimg2video] PSNR=13.462 SSIM=0.4657 LPIPS=0.4894
  [motimg2video] video -> /weka/jungbin/cosmos_motion_ft_runs/ja_phase3_bridge_v2m_m2v_native_p1ema100k_p2native200k/eval_full71_step200000_unipc30/viz/motimg2video_t24_S19_20231117_s0_randy_martin_act4_hernaf_100.mp4

[eval_all] [26/71] t25_S07_20230615_s0_dawn_heath_act3_k68qig_0
  [video2motion] MPJPE=0.160 accel_err=0.007
  [video2motion head-camera] trans=0.0081m rot=1.359deg (GT calibration floor=0.0083m/1.117deg)
  [motimg2video] PSNR=13.735 SSIM=0.4833 LPIPS=0.4861
  [motimg2video] video -> /weka/jungbin/cosmos_motion_ft_runs/ja_phase3_bridge_v2m_m2v_native_p1ema100k_p2native200k_headcam/eval_full71_step040000_unipc30/viz/motimg2video_t24_S19_20231117_s0_randy_martin_act4_hernaf_100.mp4

[eval_all] [26/71] t25_S07_20230615_s0_dawn_heath_act3_k68qig_0
  [video2motion] MPJPE=0.166 accel_err=0.007
  [video2motion head-camera] trans=0.0064m rot=0.904deg (GT calibration floor=0.0083m/1.117deg)
  [motimg2video] PSNR=13.177 SSIM=0.4681 LPIPS=0.5153
  [motimg2video] video -> /weka/jungbin/cosmos_motion_ft_runs/ja_phase3_bridge_v2m_m2v_native_p1ema100k_p2native200k/eval_full71_step040000_unipc30/viz/motimg2video_t24_S19_20231117_s0_randy_martin_act4_hernaf_100.mp4

[eval_all] [26/71] t25_S07_20230615_s0_dawn_heath_act3_k68qig_0
  [video2motion] MPJPE=0.222 accel_err=0.007
  [video2motion head-camera] trans=0.0088m rot=1.555deg (GT calibration floor=0.0083m/1.117deg)
  [motimg2video] PSNR=16.076 SSIM=0.5180 LPIPS=0.3909
  [motimg2video] video -> /weka/jungbin/cosmos_motion_ft_runs/ja_phase3_bridge_v2m_m2v_native_p1ema100k_p2native200k/eval_full71_step200000_unipc30/viz/motimg2video_t25_S07_20230615_s0_dawn_heath_act3_k68qig_0.mp4

[eval_all] [27/71] t26_S10_20230707_s0_anthony_perez_act0_wghngx_200
  [motimg2video] PSNR=17.557 SSIM=0.5526 LPIPS=0.3604
  [motimg2video] video -> /weka/jungbin/cosmos_motion_ft_runs/ja_phase3_bridge_v2m_m2v_native_p1ema100k_p2native200k_headcam/eval_full71_step040000_unipc30/viz/motimg2video_t25_S07_20230615_s0_dawn_heath_act3_k68qig_0.mp4

[eval_all] [27/71] t26_S10_20230707_s0_anthony_perez_act0_wghngx_200
  [video2motion] MPJPE=0.304 accel_err=0.007
  [video2motion head-camera] trans=0.0130m rot=1.408deg (GT calibration floor=0.0168m/1.791deg)
  [video2motion] MPJPE=0.220 accel_err=0.007
  [video2motion head-camera] trans=0.0065m rot=0.803deg (GT calibration floor=0.0168m/1.791deg)
  [motimg2video] PSNR=15.600 SSIM=0.5048 LPIPS=0.4615
  [motimg2video] video -> /weka/jungbin/cosmos_motion_ft_runs/ja_phase3_bridge_v2m_m2v_native_p1ema100k_p2native200k/eval_full71_step040000_unipc30/viz/motimg2video_t25_S07_20230615_s0_dawn_heath_act3_k68qig_0.mp4

[eval_all] [27/71] t26_S10_20230707_s0_anthony_perez_act0_wghngx_200
  [video2motion] MPJPE=0.227 accel_err=0.008
  [video2motion head-camera] trans=0.0102m rot=1.388deg (GT calibration floor=0.0168m/1.791deg)
  [motimg2video] PSNR=15.087 SSIM=0.4348 LPIPS=0.4840
  [motimg2video] video -> /weka/jungbin/cosmos_motion_ft_runs/ja_phase3_bridge_v2m_m2v_native_p1ema100k_p2native200k/eval_full71_step200000_unipc30/viz/motimg2video_t26_S10_20230707_s0_anthony_perez_act0_wghngx_200.mp4

[eval_all] [28/71] t27_S16_20230925_s0_suzanne_romero_act1_s6o3mq_100
  [motimg2video] PSNR=14.861 SSIM=0.4332 LPIPS=0.5067
  [motimg2video] video -> /weka/jungbin/cosmos_motion_ft_runs/ja_phase3_bridge_v2m_m2v_native_p1ema100k_p2native200k_headcam/eval_full71_step040000_unipc30/viz/motimg2video_t26_S10_20230707_s0_anthony_perez_act0_wghngx_200.mp4

[eval_all] [28/71] t27_S16_20230925_s0_suzanne_romero_act1_s6o3mq_100
  [video2motion] MPJPE=0.229 accel_err=0.010
  [video2motion head-camera] trans=0.0118m rot=1.817deg (GT calibration floor=0.0039m/1.817deg)
  [video2motion] MPJPE=0.191 accel_err=0.010
  [video2motion head-camera] trans=0.0112m rot=1.210deg (GT calibration floor=0.0039m/1.817deg)
  [motimg2video] PSNR=14.641 SSIM=0.4218 LPIPS=0.5392
  [motimg2video] video -> /weka/jungbin/cosmos_motion_ft_runs/ja_phase3_bridge_v2m_m2v_native_p1ema100k_p2native200k/eval_full71_step040000_unipc30/viz/motimg2video_t26_S10_20230707_s0_anthony_perez_act0_wghngx_200.mp4

[eval_all] [28/71] t27_S16_20230925_s0_suzanne_romero_act1_s6o3mq_100
  [video2motion] MPJPE=0.360 accel_err=0.010
  [video2motion head-camera] trans=0.0163m rot=1.873deg (GT calibration floor=0.0039m/1.817deg)
  [motimg2video] PSNR=17.688 SSIM=0.5912 LPIPS=0.5130
  [motimg2video] video -> /weka/jungbin/cosmos_motion_ft_runs/ja_phase3_bridge_v2m_m2v_native_p1ema100k_p2native200k/eval_full71_step200000_unipc30/viz/motimg2video_t27_S16_20230925_s0_suzanne_romero_act1_s6o3mq_100.mp4

[eval_all] [29/71] t28_S05_20230712_s0_laura_wilson_act4_spkfqq_0
  [motimg2video] PSNR=17.727 SSIM=0.5898 LPIPS=0.5036
  [motimg2video] video -> /weka/jungbin/cosmos_motion_ft_runs/ja_phase3_bridge_v2m_m2v_native_p1ema100k_p2native200k_headcam/eval_full71_step040000_unipc30/viz/motimg2video_t27_S16_20230925_s0_suzanne_romero_act1_s6o3mq_100.mp4

[eval_all] [29/71] t28_S05_20230712_s0_laura_wilson_act4_spkfqq_0
  [video2motion] MPJPE=0.238 accel_err=0.007
  [video2motion head-camera] trans=0.0075m rot=1.018deg (GT calibration floor=0.0054m/1.512deg)
  [video2motion] MPJPE=0.176 accel_err=0.007
  [video2motion head-camera] trans=0.0045m rot=0.616deg (GT calibration floor=0.0054m/1.512deg)
  [motimg2video] PSNR=16.480 SSIM=0.5463 LPIPS=0.5701
  [motimg2video] video -> /weka/jungbin/cosmos_motion_ft_runs/ja_phase3_bridge_v2m_m2v_native_p1ema100k_p2native200k/eval_full71_step040000_unipc30/viz/motimg2video_t27_S16_20230925_s0_suzanne_romero_act1_s6o3mq_100.mp4

[eval_all] [29/71] t28_S05_20230712_s0_laura_wilson_act4_spkfqq_0
  [video2motion] MPJPE=0.169 accel_err=0.008
  [video2motion head-camera] trans=0.0068m rot=1.177deg (GT calibration floor=0.0054m/1.512deg)
  [motimg2video] PSNR=15.903 SSIM=0.5737 LPIPS=0.3365
  [motimg2video] video -> /weka/jungbin/cosmos_motion_ft_runs/ja_phase3_bridge_v2m_m2v_native_p1ema100k_p2native200k/eval_full71_step200000_unipc30/viz/motimg2video_t28_S05_20230712_s0_laura_wilson_act4_spkfqq_0.mp4

[eval_all] [30/71] t29_S06_20230801_s0_aimee_davis_act1_63lfeb_2140
  [motimg2video] PSNR=17.492 SSIM=0.6067 LPIPS=0.2794
  [motimg2video] video -> /weka/jungbin/cosmos_motion_ft_runs/ja_phase3_bridge_v2m_m2v_native_p1ema100k_p2native200k_headcam/eval_full71_step040000_unipc30/viz/motimg2video_t28_S05_20230712_s0_laura_wilson_act4_spkfqq_0.mp4

[eval_all] [30/71] t29_S06_20230801_s0_aimee_davis_act1_63lfeb_2140
  [video2motion] MPJPE=0.180 accel_err=0.008
  [video2motion head-camera] trans=0.0067m rot=2.054deg (GT calibration floor=0.0036m/2.433deg)
  [video2motion] MPJPE=0.257 accel_err=0.008
  [video2motion head-camera] trans=0.0075m rot=1.712deg (GT calibration floor=0.0036m/2.433deg)
  [motimg2video] PSNR=12.832 SSIM=0.4958 LPIPS=0.4750
  [motimg2video] video -> /weka/jungbin/cosmos_motion_ft_runs/ja_phase3_bridge_v2m_m2v_native_p1ema100k_p2native200k/eval_full71_step040000_unipc30/viz/motimg2video_t28_S05_20230712_s0_laura_wilson_act4_spkfqq_0.mp4

[eval_all] [30/71] t29_S06_20230801_s0_aimee_davis_act1_63lfeb_2140
  [video2motion] MPJPE=0.221 accel_err=0.008
  [video2motion head-camera] trans=0.0082m rot=2.321deg (GT calibration floor=0.0036m/2.433deg)
  [motimg2video] PSNR=16.170 SSIM=0.5314 LPIPS=0.4146
  [motimg2video] PSNR=15.329 SSIM=0.5208 LPIPS=0.4542
  [motimg2video] video -> /weka/jungbin/cosmos_motion_ft_runs/ja_phase3_bridge_v2m_m2v_native_p1ema100k_p2native200k_headcam/eval_full71_step040000_unipc30/viz/motimg2video_t29_S06_20230801_s0_aimee_davis_act1_63lfeb_2140.mp4

[eval_all] [31/71] t30_S16_20230926_s1_megan_mejia_act3_g2y140_3480
  [motimg2video] video -> /weka/jungbin/cosmos_motion_ft_runs/ja_phase3_bridge_v2m_m2v_native_p1ema100k_p2native200k/eval_full71_step200000_unipc30/viz/motimg2video_t29_S06_20230801_s0_aimee_davis_act1_63lfeb_2140.mp4

[eval_all] [31/71] t30_S16_20230926_s1_megan_mejia_act3_g2y140_3480
  [video2motion] MPJPE=0.203 accel_err=0.008
  [video2motion head-camera] trans=0.0042m rot=1.726deg (GT calibration floor=0.0015m/1.368deg)
  [video2motion] MPJPE=0.168 accel_err=0.008
  [video2motion head-camera] trans=0.0046m rot=0.955deg (GT calibration floor=0.0015m/1.368deg)
  [motimg2video] PSNR=15.472 SSIM=0.5251 LPIPS=0.4338
  [motimg2video] video -> /weka/jungbin/cosmos_motion_ft_runs/ja_phase3_bridge_v2m_m2v_native_p1ema100k_p2native200k/eval_full71_step040000_unipc30/viz/motimg2video_t29_S06_20230801_s0_aimee_davis_act1_63lfeb_2140.mp4

[eval_all] [31/71] t30_S16_20230926_s1_megan_mejia_act3_g2y140_3480
  [video2motion] MPJPE=0.248 accel_err=0.008
  [video2motion head-camera] trans=0.0050m rot=1.917deg (GT calibration floor=0.0015m/1.368deg)
  [motimg2video] PSNR=14.418 SSIM=0.6071 LPIPS=0.4664
  [motimg2video] video -> /weka/jungbin/cosmos_motion_ft_runs/ja_phase3_bridge_v2m_m2v_native_p1ema100k_p2native200k_headcam/eval_full71_step040000_unipc30/viz/motimg2video_t30_S16_20230926_s1_megan_mejia_act3_g2y140_3480.mp4

[eval_all] [32/71] t31_S10_20231117_s0_randy_martin_act2_h0cgyy_300
  [motimg2video] PSNR=16.054 SSIM=0.6329 LPIPS=0.3981
  [motimg2video] video -> /weka/jungbin/cosmos_motion_ft_runs/ja_phase3_bridge_v2m_m2v_native_p1ema100k_p2native200k/eval_full71_step200000_unipc30/viz/motimg2video_t30_S16_20230926_s1_megan_mejia_act3_g2y140_3480.mp4

[eval_all] [32/71] t31_S10_20231117_s0_randy_martin_act2_h0cgyy_300
  [video2motion] MPJPE=0.098 accel_err=0.005
  [video2motion head-camera] trans=0.0032m rot=0.749deg (GT calibration floor=0.0020m/1.484deg)
  [video2motion] MPJPE=0.133 accel_err=0.005
  [video2motion head-camera] trans=0.0040m rot=1.226deg (GT calibration floor=0.0020m/1.484deg)
  [motimg2video] PSNR=15.293 SSIM=0.6084 LPIPS=0.5031
  [motimg2video] video -> /weka/jungbin/cosmos_motion_ft_runs/ja_phase3_bridge_v2m_m2v_native_p1ema100k_p2native200k/eval_full71_step040000_unipc30/viz/motimg2video_t30_S16_20230926_s1_megan_mejia_act3_g2y140_3480.mp4

[eval_all] [32/71] t31_S10_20231117_s0_randy_martin_act2_h0cgyy_300
  [video2motion] MPJPE=0.122 accel_err=0.005
  [video2motion head-camera] trans=0.0039m rot=1.086deg (GT calibration floor=0.0020m/1.484deg)
  [motimg2video] PSNR=16.141 SSIM=0.4615 LPIPS=0.3899
  [motimg2video] video -> /weka/jungbin/cosmos_motion_ft_runs/ja_phase3_bridge_v2m_m2v_native_p1ema100k_p2native200k_headcam/eval_full71_step040000_unipc30/viz/motimg2video_t31_S10_20231117_s0_randy_martin_act2_h0cgyy_300.mp4

[eval_all] [33/71] t32_S08_20230703_s0_tommy_ayala_act0_c07rbi_100
  [motimg2video] PSNR=16.389 SSIM=0.4636 LPIPS=0.3692
  [motimg2video] video -> /weka/jungbin/cosmos_motion_ft_runs/ja_phase3_bridge_v2m_m2v_native_p1ema100k_p2native200k/eval_full71_step200000_unipc30/viz/motimg2video_t31_S10_20231117_s0_randy_martin_act2_h0cgyy_300.mp4

[eval_all] [33/71] t32_S08_20230703_s0_tommy_ayala_act0_c07rbi_100
  [video2motion] MPJPE=0.202 accel_err=0.009
  [video2motion head-camera] trans=0.0064m rot=1.001deg (GT calibration floor=0.0055m/2.380deg)
  [video2motion] MPJPE=0.260 accel_err=0.009
  [video2motion head-camera] trans=0.0082m rot=1.923deg (GT calibration floor=0.0055m/2.380deg)
  [motimg2video] PSNR=15.410 SSIM=0.4378 LPIPS=0.4373
  [motimg2video] video -> /weka/jungbin/cosmos_motion_ft_runs/ja_phase3_bridge_v2m_m2v_native_p1ema100k_p2native200k/eval_full71_step040000_unipc30/viz/motimg2video_t31_S10_20231117_s0_randy_martin_act2_h0cgyy_300.mp4

[eval_all] [33/71] t32_S08_20230703_s0_tommy_ayala_act0_c07rbi_100
  [video2motion] MPJPE=0.223 accel_err=0.009
  [video2motion head-camera] trans=0.0080m rot=1.747deg (GT calibration floor=0.0055m/2.380deg)
  [motimg2video] PSNR=13.596 SSIM=0.4261 LPIPS=0.4216
  [motimg2video] video -> /weka/jungbin/cosmos_motion_ft_runs/ja_phase3_bridge_v2m_m2v_native_p1ema100k_p2native200k_headcam/eval_full71_step040000_unipc30/viz/motimg2video_t32_S08_20230703_s0_tommy_ayala_act0_c07rbi_100.mp4

[eval_all] [34/71] t33_S07_20231004_s1_ashley_reyes_act4_mhhxmg_100
  [motimg2video] PSNR=14.034 SSIM=0.4396 LPIPS=0.3688
  [motimg2video] video -> /weka/jungbin/cosmos_motion_ft_runs/ja_phase3_bridge_v2m_m2v_native_p1ema100k_p2native200k/eval_full71_step200000_unipc30/viz/motimg2video_t32_S08_20230703_s0_tommy_ayala_act0_c07rbi_100.mp4

[eval_all] [34/71] t33_S07_20231004_s1_ashley_reyes_act4_mhhxmg_100
  [video2motion] MPJPE=0.184 accel_err=0.008
  [video2motion head-camera] trans=0.0062m rot=0.782deg (GT calibration floor=0.0036m/1.439deg)
  [video2motion] MPJPE=0.123 accel_err=0.008
  [video2motion head-camera] trans=0.0062m rot=1.274deg (GT calibration floor=0.0036m/1.439deg)
  [motimg2video] PSNR=13.035 SSIM=0.4098 LPIPS=0.4591
  [motimg2video] video -> /weka/jungbin/cosmos_motion_ft_runs/ja_phase3_bridge_v2m_m2v_native_p1ema100k_p2native200k/eval_full71_step040000_unipc30/viz/motimg2video_t32_S08_20230703_s0_tommy_ayala_act0_c07rbi_100.mp4

[eval_all] [34/71] t33_S07_20231004_s1_ashley_reyes_act4_mhhxmg_100
  [video2motion] MPJPE=0.169 accel_err=0.008
  [video2motion head-camera] trans=0.0078m rot=1.288deg (GT calibration floor=0.0036m/1.439deg)
  [motimg2video] PSNR=16.218 SSIM=0.5056 LPIPS=0.5022
  [motimg2video] video -> /weka/jungbin/cosmos_motion_ft_runs/ja_phase3_bridge_v2m_m2v_native_p1ema100k_p2native200k_headcam/eval_full71_step040000_unipc30/viz/motimg2video_t33_S07_20231004_s1_ashley_reyes_act4_mhhxmg_100.mp4

[eval_all] [35/71] t34_S19_20230608_s0_shelby_arroyo_act3_h8gcy2_100
  [video2motion] MPJPE=0.116 accel_err=0.007
  [video2motion head-camera] trans=0.0038m rot=0.711deg (GT calibration floor=0.0024m/1.581deg)
  [motimg2video] PSNR=16.008 SSIM=0.4925 LPIPS=0.5060
  [motimg2video] video -> /weka/jungbin/cosmos_motion_ft_runs/ja_phase3_bridge_v2m_m2v_native_p1ema100k_p2native200k/eval_full71_step200000_unipc30/viz/motimg2video_t33_S07_20231004_s1_ashley_reyes_act4_mhhxmg_100.mp4

[eval_all] [35/71] t34_S19_20230608_s0_shelby_arroyo_act3_h8gcy2_100
  [video2motion] MPJPE=0.198 accel_err=0.007
  [video2motion head-camera] trans=0.0052m rot=1.020deg (GT calibration floor=0.0024m/1.581deg)
  [motimg2video] PSNR=15.028 SSIM=0.4688 LPIPS=0.5389
  [motimg2video] video -> /weka/jungbin/cosmos_motion_ft_runs/ja_phase3_bridge_v2m_m2v_native_p1ema100k_p2native200k/eval_full71_step040000_unipc30/viz/motimg2video_t33_S07_20231004_s1_ashley_reyes_act4_mhhxmg_100.mp4

[eval_all] [35/71] t34_S19_20230608_s0_shelby_arroyo_act3_h8gcy2_100
  [video2motion] MPJPE=0.209 accel_err=0.007
  [video2motion head-camera] trans=0.0058m rot=1.089deg (GT calibration floor=0.0024m/1.581deg)
  [motimg2video] PSNR=14.207 SSIM=0.4779 LPIPS=0.4359
  [motimg2video] video -> /weka/jungbin/cosmos_motion_ft_runs/ja_phase3_bridge_v2m_m2v_native_p1ema100k_p2native200k_headcam/eval_full71_step040000_unipc30/viz/motimg2video_t34_S19_20230608_s0_shelby_arroyo_act3_h8gcy2_100.mp4

[eval_all] [36/71] t35_S05_20230714_s1_jacob_webb_act4_250tg7_0
  [video2motion] MPJPE=0.192 accel_err=0.007
  [video2motion head-camera] trans=0.0063m rot=1.191deg (GT calibration floor=0.0067m/1.649deg)
  [motimg2video] PSNR=17.106 SSIM=0.5439 LPIPS=0.2865
  [motimg2video] video -> /weka/jungbin/cosmos_motion_ft_runs/ja_phase3_bridge_v2m_m2v_native_p1ema100k_p2native200k/eval_full71_step200000_unipc30/viz/motimg2video_t34_S19_20230608_s0_shelby_arroyo_act3_h8gcy2_100.mp4

[eval_all] [36/71] t35_S05_20230714_s1_jacob_webb_act4_250tg7_0
  [video2motion] MPJPE=0.304 accel_err=0.007
  [video2motion head-camera] trans=0.0083m rot=1.875deg (GT calibration floor=0.0067m/1.649deg)
  [motimg2video] PSNR=16.110 SSIM=0.5111 LPIPS=0.3423
  [motimg2video] video -> /weka/jungbin/cosmos_motion_ft_runs/ja_phase3_bridge_v2m_m2v_native_p1ema100k_p2native200k/eval_full71_step040000_unipc30/viz/motimg2video_t34_S19_20230608_s0_shelby_arroyo_act3_h8gcy2_100.mp4

[eval_all] [36/71] t35_S05_20230714_s1_jacob_webb_act4_250tg7_0
  [motimg2video] PSNR=16.252 SSIM=0.4702 LPIPS=0.4533
  [video2motion] MPJPE=0.355 accel_err=0.007
  [video2motion head-camera] trans=0.0089m rot=1.816deg (GT calibration floor=0.0067m/1.649deg)
  [motimg2video] video -> /weka/jungbin/cosmos_motion_ft_runs/ja_phase3_bridge_v2m_m2v_native_p1ema100k_p2native200k_headcam/eval_full71_step040000_unipc30/viz/motimg2video_t35_S05_20230714_s1_jacob_webb_act4_250tg7_0.mp4

[eval_all] [37/71] t36_S01_20230721_s0_mitchell_mcdonald_act3_k11m1g_0
  [video2motion] MPJPE=0.242 accel_err=0.006
  [video2motion head-camera] trans=0.0074m rot=0.850deg (GT calibration floor=0.0068m/1.087deg)
  [motimg2video] PSNR=16.146 SSIM=0.4892 LPIPS=0.4203
  [motimg2video] video -> /weka/jungbin/cosmos_motion_ft_runs/ja_phase3_bridge_v2m_m2v_native_p1ema100k_p2native200k/eval_full71_step200000_unipc30/viz/motimg2video_t35_S05_20230714_s1_jacob_webb_act4_250tg7_0.mp4

[eval_all] [37/71] t36_S01_20230721_s0_mitchell_mcdonald_act3_k11m1g_0
  [video2motion] MPJPE=0.121 accel_err=0.006
  [video2motion head-camera] trans=0.0060m rot=1.070deg (GT calibration floor=0.0068m/1.087deg)
  [motimg2video] PSNR=15.715 SSIM=0.4495 LPIPS=0.5119
  [motimg2video] video -> /weka/jungbin/cosmos_motion_ft_runs/ja_phase3_bridge_v2m_m2v_native_p1ema100k_p2native200k/eval_full71_step040000_unipc30/viz/motimg2video_t35_S05_20230714_s1_jacob_webb_act4_250tg7_0.mp4

[eval_all] [37/71] t36_S01_20230721_s0_mitchell_mcdonald_act3_k11m1g_0
  [motimg2video] PSNR=14.709 SSIM=0.3895 LPIPS=0.4761
  [motimg2video] video -> /weka/jungbin/cosmos_motion_ft_runs/ja_phase3_bridge_v2m_m2v_native_p1ema100k_p2native200k_headcam/eval_full71_step040000_unipc30/viz/motimg2video_t36_S01_20230721_s0_mitchell_mcdonald_act3_k11m1g_0.mp4

[eval_all] [38/71] t37_S17_20230918_s0_kevin_shaw_act2_5g4k0z_200
  [video2motion] MPJPE=0.115 accel_err=0.006
  [video2motion head-camera] trans=0.0076m rot=1.329deg (GT calibration floor=0.0068m/1.087deg)
  [video2motion] MPJPE=0.168 accel_err=0.004
  [video2motion head-camera] trans=0.0019m rot=0.623deg (GT calibration floor=0.0015m/0.652deg)
  [motimg2video] PSNR=16.647 SSIM=0.4593 LPIPS=0.3608
  [motimg2video] video -> /weka/jungbin/cosmos_motion_ft_runs/ja_phase3_bridge_v2m_m2v_native_p1ema100k_p2native200k/eval_full71_step200000_unipc30/viz/motimg2video_t36_S01_20230721_s0_mitchell_mcdonald_act3_k11m1g_0.mp4

[eval_all] [38/71] t37_S17_20230918_s0_kevin_shaw_act2_5g4k0z_200
  [video2motion] MPJPE=0.161 accel_err=0.003
  [video2motion head-camera] trans=0.0024m rot=0.932deg (GT calibration floor=0.0015m/0.652deg)
  [motimg2video] PSNR=15.848 SSIM=0.4353 LPIPS=0.4266
  [motimg2video] video -> /weka/jungbin/cosmos_motion_ft_runs/ja_phase3_bridge_v2m_m2v_native_p1ema100k_p2native200k/eval_full71_step040000_unipc30/viz/motimg2video_t36_S01_20230721_s0_mitchell_mcdonald_act3_k11m1g_0.mp4

[eval_all] [38/71] t37_S17_20230918_s0_kevin_shaw_act2_5g4k0z_200
  [motimg2video] PSNR=20.365 SSIM=0.6288 LPIPS=0.2921
  [motimg2video] video -> /weka/jungbin/cosmos_motion_ft_runs/ja_phase3_bridge_v2m_m2v_native_p1ema100k_p2native200k_headcam/eval_full71_step040000_unipc30/viz/motimg2video_t37_S17_20230918_s0_kevin_shaw_act2_5g4k0z_200.mp4

[eval_all] [39/71] t38_S04_20230717_s0_danielle_ortiz_act4_8l6m00_0
  [video2motion] MPJPE=0.140 accel_err=0.003
  [video2motion head-camera] trans=0.0021m rot=0.866deg (GT calibration floor=0.0015m/0.652deg)
  [video2motion] MPJPE=0.089 accel_err=0.006
  [video2motion head-camera] trans=0.0030m rot=0.672deg (GT calibration floor=0.0028m/0.875deg)
  [motimg2video] PSNR=20.307 SSIM=0.6258 LPIPS=0.2982
  [motimg2video] video -> /weka/jungbin/cosmos_motion_ft_runs/ja_phase3_bridge_v2m_m2v_native_p1ema100k_p2native200k/eval_full71_step200000_unipc30/viz/motimg2video_t37_S17_20230918_s0_kevin_shaw_act2_5g4k0z_200.mp4

[eval_all] [39/71] t38_S04_20230717_s0_danielle_ortiz_act4_8l6m00_0
  [video2motion] MPJPE=0.059 accel_err=0.005
  [video2motion head-camera] trans=0.0036m rot=0.848deg (GT calibration floor=0.0028m/0.875deg)
  [motimg2video] PSNR=19.693 SSIM=0.6141 LPIPS=0.3235
  [motimg2video] video -> /weka/jungbin/cosmos_motion_ft_runs/ja_phase3_bridge_v2m_m2v_native_p1ema100k_p2native200k/eval_full71_step040000_unipc30/viz/motimg2video_t37_S17_20230918_s0_kevin_shaw_act2_5g4k0z_200.mp4

[eval_all] [39/71] t38_S04_20230717_s0_danielle_ortiz_act4_8l6m00_0
  [motimg2video] PSNR=19.337 SSIM=0.5963 LPIPS=0.2154
  [motimg2video] video -> /weka/jungbin/cosmos_motion_ft_runs/ja_phase3_bridge_v2m_m2v_native_p1ema100k_p2native200k_headcam/eval_full71_step040000_unipc30/viz/motimg2video_t38_S04_20230717_s0_danielle_ortiz_act4_8l6m00_0.mp4

[eval_all] [40/71] t39_S02_20230908_s0_joel_anderson_act1_qpe9b0_100
  [video2motion] MPJPE=0.119 accel_err=0.006
  [video2motion head-camera] trans=0.0044m rot=1.108deg (GT calibration floor=0.0028m/0.875deg)
  [video2motion] MPJPE=0.191 accel_err=0.005
  [video2motion head-camera] trans=0.0044m rot=0.665deg (GT calibration floor=0.0028m/0.793deg)
  [motimg2video] PSNR=17.888 SSIM=0.5695 LPIPS=0.2414
  [motimg2video] video -> /weka/jungbin/cosmos_motion_ft_runs/ja_phase3_bridge_v2m_m2v_native_p1ema100k_p2native200k/eval_full71_step200000_unipc30/viz/motimg2video_t38_S04_20230717_s0_danielle_ortiz_act4_8l6m00_0.mp4

[eval_all] [40/71] t39_S02_20230908_s0_joel_anderson_act1_qpe9b0_100
  [video2motion] MPJPE=0.147 accel_err=0.005
  [video2motion head-camera] trans=0.0039m rot=1.034deg (GT calibration floor=0.0028m/0.793deg)
  [motimg2video] PSNR=15.817 SSIM=0.5375 LPIPS=0.3987
  [motimg2video] PSNR=17.417 SSIM=0.5592 LPIPS=0.2681
  [motimg2video] video -> /weka/jungbin/cosmos_motion_ft_runs/ja_phase3_bridge_v2m_m2v_native_p1ema100k_p2native200k_headcam/eval_full71_step040000_unipc30/viz/motimg2video_t39_S02_20230908_s0_joel_anderson_act1_qpe9b0_100.mp4

[eval_all] [41/71] t40_S16_20231106_s1_amanda_rodgers_act1_t0mhqi_300
  [motimg2video] video -> /weka/jungbin/cosmos_motion_ft_runs/ja_phase3_bridge_v2m_m2v_native_p1ema100k_p2native200k/eval_full71_step040000_unipc30/viz/motimg2video_t38_S04_20230717_s0_danielle_ortiz_act4_8l6m00_0.mp4

[eval_all] [40/71] t39_S02_20230908_s0_joel_anderson_act1_qpe9b0_100
  [video2motion] MPJPE=0.187 accel_err=0.005
  [video2motion head-camera] trans=0.0047m rot=1.205deg (GT calibration floor=0.0028m/0.793deg)
  [video2motion] MPJPE=0.217 accel_err=0.007
  [video2motion head-camera] trans=0.0075m rot=0.848deg (GT calibration floor=0.0030m/1.200deg)
  [motimg2video] PSNR=16.508 SSIM=0.5750 LPIPS=0.3172
  [motimg2video] video -> /weka/jungbin/cosmos_motion_ft_runs/ja_phase3_bridge_v2m_m2v_native_p1ema100k_p2native200k/eval_full71_step200000_unipc30/viz/motimg2video_t39_S02_20230908_s0_joel_anderson_act1_qpe9b0_100.mp4

[eval_all] [41/71] t40_S16_20231106_s1_amanda_rodgers_act1_t0mhqi_300
  [video2motion] MPJPE=0.226 accel_err=0.006
  [video2motion head-camera] trans=0.0075m rot=1.182deg (GT calibration floor=0.0030m/1.200deg)
  [motimg2video] PSNR=21.305 SSIM=0.6388 LPIPS=0.2548
  [motimg2video] video -> /weka/jungbin/cosmos_motion_ft_runs/ja_phase3_bridge_v2m_m2v_native_p1ema100k_p2native200k_headcam/eval_full71_step040000_unipc30/viz/motimg2video_t40_S16_20231106_s1_amanda_rodgers_act1_t0mhqi_300.mp4

[eval_all] [42/71] t41_S12_20230609_s1_heather_becker_act0_pxfo7n_300
  [motimg2video] PSNR=15.531 SSIM=0.5524 LPIPS=0.3775
  [motimg2video] video -> /weka/jungbin/cosmos_motion_ft_runs/ja_phase3_bridge_v2m_m2v_native_p1ema100k_p2native200k/eval_full71_step040000_unipc30/viz/motimg2video_t39_S02_20230908_s0_joel_anderson_act1_qpe9b0_100.mp4

[eval_all] [41/71] t40_S16_20231106_s1_amanda_rodgers_act1_t0mhqi_300
  [video2motion] MPJPE=0.197 accel_err=0.006
  [video2motion head-camera] trans=0.0060m rot=1.044deg (GT calibration floor=0.0081m/1.459deg)
  [video2motion] MPJPE=0.253 accel_err=0.007
  [video2motion head-camera] trans=0.0079m rot=1.409deg (GT calibration floor=0.0030m/1.200deg)
  [motimg2video] PSNR=20.944 SSIM=0.6255 LPIPS=0.3135
  [motimg2video] video -> /weka/jungbin/cosmos_motion_ft_runs/ja_phase3_bridge_v2m_m2v_native_p1ema100k_p2native200k/eval_full71_step200000_unipc30/viz/motimg2video_t40_S16_20231106_s1_amanda_rodgers_act1_t0mhqi_300.mp4

[eval_all] [42/71] t41_S12_20230609_s1_heather_becker_act0_pxfo7n_300
  [video2motion] MPJPE=0.245 accel_err=0.006
  [video2motion head-camera] trans=0.0055m rot=1.311deg (GT calibration floor=0.0081m/1.459deg)
  [motimg2video] PSNR=16.470 SSIM=0.4858 LPIPS=0.4650
  [motimg2video] video -> /weka/jungbin/cosmos_motion_ft_runs/ja_phase3_bridge_v2m_m2v_native_p1ema100k_p2native200k_headcam/eval_full71_step040000_unipc30/viz/motimg2video_t41_S12_20230609_s1_heather_becker_act0_pxfo7n_300.mp4

[eval_all] [43/71] t42_S08_20230622_s1_sherri_scott_act0_hy4alw_0
  [motimg2video] PSNR=20.426 SSIM=0.6156 LPIPS=0.3364
  [motimg2video] video -> /weka/jungbin/cosmos_motion_ft_runs/ja_phase3_bridge_v2m_m2v_native_p1ema100k_p2native200k/eval_full71_step040000_unipc30/viz/motimg2video_t40_S16_20231106_s1_amanda_rodgers_act1_t0mhqi_300.mp4

[eval_all] [42/71] t41_S12_20230609_s1_heather_becker_act0_pxfo7n_300
  [video2motion] MPJPE=0.192 accel_err=0.005
  [video2motion head-camera] trans=0.0056m rot=0.630deg (GT calibration floor=0.0020m/0.912deg)
  [video2motion] MPJPE=0.218 accel_err=0.006
  [video2motion head-camera] trans=0.0067m rot=1.429deg (GT calibration floor=0.0081m/1.459deg)
  [motimg2video] PSNR=17.449 SSIM=0.5095 LPIPS=0.4038
  [motimg2video] video -> /weka/jungbin/cosmos_motion_ft_runs/ja_phase3_bridge_v2m_m2v_native_p1ema100k_p2native200k/eval_full71_step200000_unipc30/viz/motimg2video_t41_S12_20230609_s1_heather_becker_act0_pxfo7n_300.mp4

[eval_all] [43/71] t42_S08_20230622_s1_sherri_scott_act0_hy4alw_0
  [video2motion] MPJPE=0.148 accel_err=0.005
  [video2motion head-camera] trans=0.0030m rot=0.764deg (GT calibration floor=0.0020m/0.912deg)
  [motimg2video] PSNR=19.373 SSIM=0.6430 LPIPS=0.2063
  [motimg2video] video -> /weka/jungbin/cosmos_motion_ft_runs/ja_phase3_bridge_v2m_m2v_native_p1ema100k_p2native200k_headcam/eval_full71_step040000_unipc30/viz/motimg2video_t42_S08_20230622_s1_sherri_scott_act0_hy4alw_0.mp4

[eval_all] [44/71] t43_S03_20230817_s1_rebecca_ward_act1_v7qxvk_0
  [motimg2video] PSNR=16.403 SSIM=0.4705 LPIPS=0.5096
  [video2motion] MPJPE=0.165 accel_err=0.006
  [video2motion head-camera] trans=0.0045m rot=0.983deg (GT calibration floor=0.0041m/1.233deg)
  [motimg2video] video -> /weka/jungbin/cosmos_motion_ft_runs/ja_phase3_bridge_v2m_m2v_native_p1ema100k_p2native200k/eval_full71_step040000_unipc30/viz/motimg2video_t41_S12_20230609_s1_heather_becker_act0_pxfo7n_300.mp4

[eval_all] [43/71] t42_S08_20230622_s1_sherri_scott_act0_hy4alw_0
  [video2motion] MPJPE=0.151 accel_err=0.005
  [video2motion head-camera] trans=0.0032m rot=0.796deg (GT calibration floor=0.0020m/0.912deg)
  [motimg2video] PSNR=20.130 SSIM=0.6613 LPIPS=0.2029
  [motimg2video] video -> /weka/jungbin/cosmos_motion_ft_runs/ja_phase3_bridge_v2m_m2v_native_p1ema100k_p2native200k/eval_full71_step200000_unipc30/viz/motimg2video_t42_S08_20230622_s1_sherri_scott_act0_hy4alw_0.mp4

[eval_all] [44/71] t43_S03_20230817_s1_rebecca_ward_act1_v7qxvk_0
  [video2motion] MPJPE=0.167 accel_err=0.006
  [video2motion head-camera] trans=0.0063m rot=1.493deg (GT calibration floor=0.0041m/1.233deg)
  [motimg2video] PSNR=16.482 SSIM=0.5939 LPIPS=0.3708
  [motimg2video] video -> /weka/jungbin/cosmos_motion_ft_runs/ja_phase3_bridge_v2m_m2v_native_p1ema100k_p2native200k_headcam/eval_full71_step040000_unipc30/viz/motimg2video_t43_S03_20230817_s1_rebecca_ward_act1_v7qxvk_0.mp4

[eval_all] [45/71] t44_S19_20231020_s0_anthony_chen_act1_vhzag9_780
  [motimg2video] PSNR=18.121 SSIM=0.6087 LPIPS=0.2558
  [motimg2video] video -> /weka/jungbin/cosmos_motion_ft_runs/ja_phase3_bridge_v2m_m2v_native_p1ema100k_p2native200k/eval_full71_step040000_unipc30/viz/motimg2video_t42_S08_20230622_s1_sherri_scott_act0_hy4alw_0.mp4

[eval_all] [44/71] t43_S03_20230817_s1_rebecca_ward_act1_v7qxvk_0
  [video2motion] MPJPE=1.299 accel_err=0.009
  [video2motion head-camera] trans=0.0126m rot=1.490deg (GT calibration floor=0.0175m/2.859deg)
  [video2motion] MPJPE=0.160 accel_err=0.006
  [video2motion head-camera] trans=0.0063m rot=1.523deg (GT calibration floor=0.0041m/1.233deg)
  [motimg2video] PSNR=16.775 SSIM=0.5935 LPIPS=0.3575
  [motimg2video] video -> /weka/jungbin/cosmos_motion_ft_runs/ja_phase3_bridge_v2m_m2v_native_p1ema100k_p2native200k/eval_full71_step200000_unipc30/viz/motimg2video_t43_S03_20230817_s1_rebecca_ward_act1_v7qxvk_0.mp4

[eval_all] [45/71] t44_S19_20231020_s0_anthony_chen_act1_vhzag9_780
  [video2motion] MPJPE=1.372 accel_err=0.008
  [video2motion head-camera] trans=0.0168m rot=2.526deg (GT calibration floor=0.0175m/2.859deg)
  [motimg2video] PSNR=16.274 SSIM=0.4064 LPIPS=0.5165
  [motimg2video] video -> /weka/jungbin/cosmos_motion_ft_runs/ja_phase3_bridge_v2m_m2v_native_p1ema100k_p2native200k_headcam/eval_full71_step040000_unipc30/viz/motimg2video_t44_S19_20231020_s0_anthony_chen_act1_vhzag9_780.mp4

[eval_all] [46/71] t45_S10_20230622_s1_sherri_scott_act1_p0za9g_100
  [video2motion] MPJPE=0.173 accel_err=0.008
  [video2motion head-camera] trans=0.0072m rot=1.240deg (GT calibration floor=0.0041m/1.891deg)
  [motimg2video] PSNR=16.619 SSIM=0.5952 LPIPS=0.3716
  [motimg2video] video -> /weka/jungbin/cosmos_motion_ft_runs/ja_phase3_bridge_v2m_m2v_native_p1ema100k_p2native200k/eval_full71_step040000_unipc30/viz/motimg2video_t43_S03_20230817_s1_rebecca_ward_act1_v7qxvk_0.mp4

[eval_all] [45/71] t44_S19_20231020_s0_anthony_chen_act1_vhzag9_780
  [video2motion] MPJPE=1.360 accel_err=0.008
  [video2motion head-camera] trans=0.0150m rot=2.357deg (GT calibration floor=0.0175m/2.859deg)
  [motimg2video] PSNR=16.082 SSIM=0.3890 LPIPS=0.5208
  [motimg2video] video -> /weka/jungbin/cosmos_motion_ft_runs/ja_phase3_bridge_v2m_m2v_native_p1ema100k_p2native200k/eval_full71_step200000_unipc30/viz/motimg2video_t44_S19_20231020_s0_anthony_chen_act1_vhzag9_780.mp4

[eval_all] [46/71] t45_S10_20230622_s1_sherri_scott_act1_p0za9g_100
  [video2motion] MPJPE=0.171 accel_err=0.008
  [video2motion head-camera] trans=0.0087m rot=1.912deg (GT calibration floor=0.0041m/1.891deg)
  [motimg2video] PSNR=17.477 SSIM=0.5707 LPIPS=0.4802
  [motimg2video] video -> /weka/jungbin/cosmos_motion_ft_runs/ja_phase3_bridge_v2m_m2v_native_p1ema100k_p2native200k_headcam/eval_full71_step040000_unipc30/viz/motimg2video_t45_S10_20230622_s1_sherri_scott_act1_p0za9g_100.mp4

[eval_all] [47/71] t46_S01_20230822_s0_kyle_parker_act4_dqa50g_100
  [video2motion] MPJPE=0.205 accel_err=0.006
  [video2motion head-camera] trans=0.0060m rot=1.132deg (GT calibration floor=0.0019m/1.056deg)
  [motimg2video] PSNR=15.613 SSIM=0.3942 LPIPS=0.5534
  [motimg2video] video -> /weka/jungbin/cosmos_motion_ft_runs/ja_phase3_bridge_v2m_m2v_native_p1ema100k_p2native200k/eval_full71_step040000_unipc30/viz/motimg2video_t44_S19_20231020_s0_anthony_chen_act1_vhzag9_780.mp4

[eval_all] [46/71] t45_S10_20230622_s1_sherri_scott_act1_p0za9g_100
  [video2motion] MPJPE=0.241 accel_err=0.008
  [video2motion head-camera] trans=0.0106m rot=2.053deg (GT calibration floor=0.0041m/1.891deg)
  [motimg2video] PSNR=17.516 SSIM=0.5700 LPIPS=0.4419
  [motimg2video] video -> /weka/jungbin/cosmos_motion_ft_runs/ja_phase3_bridge_v2m_m2v_native_p1ema100k_p2native200k/eval_full71_step200000_unipc30/viz/motimg2video_t45_S10_20230622_s1_sherri_scott_act1_p0za9g_100.mp4

[eval_all] [47/71] t46_S01_20230822_s0_kyle_parker_act4_dqa50g_100
  [motimg2video] PSNR=16.628 SSIM=0.5455 LPIPS=0.4038
  [video2motion] MPJPE=0.194 accel_err=0.006
  [video2motion head-camera] trans=0.0062m rot=1.501deg (GT calibration floor=0.0019m/1.056deg)
  [motimg2video] video -> /weka/jungbin/cosmos_motion_ft_runs/ja_phase3_bridge_v2m_m2v_native_p1ema100k_p2native200k_headcam/eval_full71_step040000_unipc30/viz/motimg2video_t46_S01_20230822_s0_kyle_parker_act4_dqa50g_100.mp4

[eval_all] [48/71] t47_S12_20230907_s0_margaret_mccormick_act4_s9mmh0_100
  [video2motion] MPJPE=0.445 accel_err=0.007
  [video2motion head-camera] trans=0.0058m rot=0.751deg (GT calibration floor=0.0050m/1.436deg)
  [motimg2video] PSNR=17.196 SSIM=0.5520 LPIPS=0.4934
  [motimg2video] video -> /weka/jungbin/cosmos_motion_ft_runs/ja_phase3_bridge_v2m_m2v_native_p1ema100k_p2native200k/eval_full71_step040000_unipc30/viz/motimg2video_t45_S10_20230622_s1_sherri_scott_act1_p0za9g_100.mp4

[eval_all] [47/71] t46_S01_20230822_s0_kyle_parker_act4_dqa50g_100
  [video2motion] MPJPE=0.178 accel_err=0.006
  [video2motion head-camera] trans=0.0071m rot=1.467deg (GT calibration floor=0.0019m/1.056deg)
  [motimg2video] PSNR=16.657 SSIM=0.5518 LPIPS=0.3394
  [motimg2video] video -> /weka/jungbin/cosmos_motion_ft_runs/ja_phase3_bridge_v2m_m2v_native_p1ema100k_p2native200k/eval_full71_step200000_unipc30/viz/motimg2video_t46_S01_20230822_s0_kyle_parker_act4_dqa50g_100.mp4

[eval_all] [48/71] t47_S12_20230907_s0_margaret_mccormick_act4_s9mmh0_100
  [motimg2video] PSNR=15.466 SSIM=0.5126 LPIPS=0.4724
  [motimg2video] video -> /weka/jungbin/cosmos_motion_ft_runs/ja_phase3_bridge_v2m_m2v_native_p1ema100k_p2native200k_headcam/eval_full71_step040000_unipc30/viz/motimg2video_t47_S12_20230907_s0_margaret_mccormick_act4_s9mmh0_100.mp4

[eval_all] [49/71] t48_S14_20230630_s0_gloria_carr_act3_6gxzvl_400
  [video2motion] MPJPE=0.524 accel_err=0.007
  [video2motion head-camera] trans=0.0078m rot=1.195deg (GT calibration floor=0.0050m/1.436deg)
  [video2motion] MPJPE=0.277 accel_err=0.006
  [video2motion head-camera] trans=0.0071m rot=1.140deg (GT calibration floor=0.0042m/1.843deg)
  [motimg2video] PSNR=16.165 SSIM=0.5372 LPIPS=0.4270
  [motimg2video] video -> /weka/jungbin/cosmos_motion_ft_runs/ja_phase3_bridge_v2m_m2v_native_p1ema100k_p2native200k/eval_full71_step040000_unipc30/viz/motimg2video_t46_S01_20230822_s0_kyle_parker_act4_dqa50g_100.mp4

[eval_all] [48/71] t47_S12_20230907_s0_margaret_mccormick_act4_s9mmh0_100
  [video2motion] MPJPE=0.668 accel_err=0.008
  [video2motion head-camera] trans=0.0090m rot=1.307deg (GT calibration floor=0.0050m/1.436deg)
  [motimg2video] PSNR=15.617 SSIM=0.4995 LPIPS=0.4768
  [motimg2video] video -> /weka/jungbin/cosmos_motion_ft_runs/ja_phase3_bridge_v2m_m2v_native_p1ema100k_p2native200k/eval_full71_step200000_unipc30/viz/motimg2video_t47_S12_20230907_s0_margaret_mccormick_act4_s9mmh0_100.mp4

[eval_all] [49/71] t48_S14_20230630_s0_gloria_carr_act3_6gxzvl_400
  [motimg2video] PSNR=15.871 SSIM=0.4356 LPIPS=0.5126
  [motimg2video] video -> /weka/jungbin/cosmos_motion_ft_runs/ja_phase3_bridge_v2m_m2v_native_p1ema100k_p2native200k_headcam/eval_full71_step040000_unipc30/viz/motimg2video_t48_S14_20230630_s0_gloria_carr_act3_6gxzvl_400.mp4

[eval_all] [50/71] t49_S03_20230906_s0_pam_nelson_act0_29c839_100
  [video2motion] MPJPE=0.189 accel_err=0.005
  [video2motion head-camera] trans=0.0043m rot=1.544deg (GT calibration floor=0.0042m/1.843deg)
  [video2motion] MPJPE=0.188 accel_err=0.005
  [video2motion head-camera] trans=0.0052m rot=0.799deg (GT calibration floor=0.0020m/0.773deg)
  [motimg2video] PSNR=15.042 SSIM=0.4840 LPIPS=0.4962
  [motimg2video] video -> /weka/jungbin/cosmos_motion_ft_runs/ja_phase3_bridge_v2m_m2v_native_p1ema100k_p2native200k/eval_full71_step040000_unipc30/viz/motimg2video_t47_S12_20230907_s0_margaret_mccormick_act4_s9mmh0_100.mp4

[eval_all] [49/71] t48_S14_20230630_s0_gloria_carr_act3_6gxzvl_400
  [video2motion] MPJPE=0.212 accel_err=0.005
  [video2motion head-camera] trans=0.0052m rot=1.529deg (GT calibration floor=0.0042m/1.843deg)
  [motimg2video] PSNR=21.026 SSIM=0.6780 LPIPS=0.3174
  [motimg2video] PSNR=15.803 SSIM=0.4463 LPIPS=0.4686
  [motimg2video] video -> /weka/jungbin/cosmos_motion_ft_runs/ja_phase3_bridge_v2m_m2v_native_p1ema100k_p2native200k_headcam/eval_full71_step040000_unipc30/viz/motimg2video_t49_S03_20230906_s0_pam_nelson_act0_29c839_100.mp4

[eval_all] [51/71] t50_S02_20230725_s1_julie_taylor_act4_iemk0l_0
  [motimg2video] video -> /weka/jungbin/cosmos_motion_ft_runs/ja_phase3_bridge_v2m_m2v_native_p1ema100k_p2native200k/eval_full71_step200000_unipc30/viz/motimg2video_t48_S14_20230630_s0_gloria_carr_act3_6gxzvl_400.mp4

[eval_all] [50/71] t49_S03_20230906_s0_pam_nelson_act0_29c839_100
  [video2motion] MPJPE=0.118 accel_err=0.006
  [video2motion] MPJPE=0.249 accel_err=0.006
  [video2motion head-camera] trans=0.0062m rot=1.195deg (GT calibration floor=0.0020m/0.773deg)
  [video2motion head-camera] trans=0.0032m rot=0.920deg (GT calibration floor=0.0021m/1.230deg)
  [motimg2video] PSNR=15.607 SSIM=0.4370 LPIPS=0.4879
  [motimg2video] video -> /weka/jungbin/cosmos_motion_ft_runs/ja_phase3_bridge_v2m_m2v_native_p1ema100k_p2native200k/eval_full71_step040000_unipc30/viz/motimg2video_t48_S14_20230630_s0_gloria_carr_act3_6gxzvl_400.mp4

[eval_all] [50/71] t49_S03_20230906_s0_pam_nelson_act0_29c839_100
  [video2motion] MPJPE=0.150 accel_err=0.006
  [video2motion head-camera] trans=0.0059m rot=1.282deg (GT calibration floor=0.0020m/0.773deg)
  [motimg2video] PSNR=17.269 SSIM=0.5276 LPIPS=0.4067
  [motimg2video] video -> /weka/jungbin/cosmos_motion_ft_runs/ja_phase3_bridge_v2m_m2v_native_p1ema100k_p2native200k_headcam/eval_full71_step040000_unipc30/viz/motimg2video_t50_S02_20230725_s1_julie_taylor_act4_iemk0l_0.mp4

[eval_all] [52/71] t51_S07_20231027_s1_stacie_cross_act0_0ii1m7_100
  [motimg2video] PSNR=21.116 SSIM=0.6729 LPIPS=0.3089
  [motimg2video] video -> /weka/jungbin/cosmos_motion_ft_runs/ja_phase3_bridge_v2m_m2v_native_p1ema100k_p2native200k/eval_full71_step200000_unipc30/viz/motimg2video_t49_S03_20230906_s0_pam_nelson_act0_29c839_100.mp4

[eval_all] [51/71] t50_S02_20230725_s1_julie_taylor_act4_iemk0l_0
  [video2motion] MPJPE=0.138 accel_err=0.006
  [video2motion head-camera] trans=0.0054m rot=0.743deg (GT calibration floor=0.0021m/1.008deg)
  [video2motion] MPJPE=0.096 accel_err=0.006
  [video2motion head-camera] trans=0.0042m rot=1.439deg (GT calibration floor=0.0021m/1.230deg)
  [motimg2video] PSNR=20.653 SSIM=0.6613 LPIPS=0.3748
  [motimg2video] video -> /weka/jungbin/cosmos_motion_ft_runs/ja_phase3_bridge_v2m_m2v_native_p1ema100k_p2native200k/eval_full71_step040000_unipc30/viz/motimg2video_t49_S03_20230906_s0_pam_nelson_act0_29c839_100.mp4

[eval_all] [51/71] t50_S02_20230725_s1_julie_taylor_act4_iemk0l_0
  [video2motion] MPJPE=0.114 accel_err=0.006
  [video2motion head-camera] trans=0.0046m rot=1.434deg (GT calibration floor=0.0021m/1.230deg)
  [motimg2video] PSNR=15.551 SSIM=0.4453 LPIPS=0.4569
  [motimg2video] video -> /weka/jungbin/cosmos_motion_ft_runs/ja_phase3_bridge_v2m_m2v_native_p1ema100k_p2native200k_headcam/eval_full71_step040000_unipc30/viz/motimg2video_t51_S07_20231027_s1_stacie_cross_act0_0ii1m7_100.mp4

[eval_all] [53/71] t52_S02_20231106_s0_nancy_david_act0_bgmt5f_0
  [motimg2video] PSNR=17.677 SSIM=0.5458 LPIPS=0.3716
  [motimg2video] video -> /weka/jungbin/cosmos_motion_ft_runs/ja_phase3_bridge_v2m_m2v_native_p1ema100k_p2native200k/eval_full71_step200000_unipc30/viz/motimg2video_t50_S02_20230725_s1_julie_taylor_act4_iemk0l_0.mp4

[eval_all] [52/71] t51_S07_20231027_s1_stacie_cross_act0_0ii1m7_100
  [video2motion] MPJPE=0.178 accel_err=0.005
  [video2motion head-camera] trans=0.0049m rot=0.799deg (GT calibration floor=0.0050m/1.182deg)
  [video2motion] MPJPE=0.145 accel_err=0.006
  [video2motion head-camera] trans=0.0061m rot=1.341deg (GT calibration floor=0.0021m/1.008deg)
  [motimg2video] PSNR=17.138 SSIM=0.5322 LPIPS=0.3924
  [motimg2video] video -> /weka/jungbin/cosmos_motion_ft_runs/ja_phase3_bridge_v2m_m2v_native_p1ema100k_p2native200k/eval_full71_step040000_unipc30/viz/motimg2video_t50_S02_20230725_s1_julie_taylor_act4_iemk0l_0.mp4

[eval_all] [52/71] t51_S07_20231027_s1_stacie_cross_act0_0ii1m7_100
  [video2motion] MPJPE=0.146 accel_err=0.006
  [video2motion head-camera] trans=0.0077m rot=1.334deg (GT calibration floor=0.0021m/1.008deg)
  [motimg2video] PSNR=17.131 SSIM=0.5786 LPIPS=0.2743
  [motimg2video] video -> /weka/jungbin/cosmos_motion_ft_runs/ja_phase3_bridge_v2m_m2v_native_p1ema100k_p2native200k_headcam/eval_full71_step040000_unipc30/viz/motimg2video_t52_S02_20231106_s0_nancy_david_act0_bgmt5f_0.mp4

[eval_all] [54/71] t53_S16_20230913_s1_austin_lopez_act2_4ubdk3_0
  [video2motion] MPJPE=0.185 accel_err=0.009
  [video2motion head-camera] trans=0.0066m rot=0.777deg (GT calibration floor=0.0035m/1.503deg)
  [motimg2video] PSNR=15.571 SSIM=0.4367 LPIPS=0.4626
  [motimg2video] video -> /weka/jungbin/cosmos_motion_ft_runs/ja_phase3_bridge_v2m_m2v_native_p1ema100k_p2native200k/eval_full71_step200000_unipc30/viz/motimg2video_t51_S07_20231027_s1_stacie_cross_act0_0ii1m7_100.mp4

[eval_all] [53/71] t52_S02_20231106_s0_nancy_david_act0_bgmt5f_0
  [video2motion] MPJPE=0.151 accel_err=0.005
  [video2motion head-camera] trans=0.0070m rot=1.223deg (GT calibration floor=0.0050m/1.182deg)
  [motimg2video] PSNR=15.246 SSIM=0.4371 LPIPS=0.4837
  [motimg2video] video -> /weka/jungbin/cosmos_motion_ft_runs/ja_phase3_bridge_v2m_m2v_native_p1ema100k_p2native200k/eval_full71_step040000_unipc30/viz/motimg2video_t51_S07_20231027_s1_stacie_cross_act0_0ii1m7_100.mp4

[eval_all] [53/71] t52_S02_20231106_s0_nancy_david_act0_bgmt5f_0
  [video2motion] MPJPE=0.192 accel_err=0.005
  [video2motion head-camera] trans=0.0074m rot=1.361deg (GT calibration floor=0.0050m/1.182deg)
  [motimg2video] PSNR=16.511 SSIM=0.6577 LPIPS=0.3452
  [motimg2video] video -> /weka/jungbin/cosmos_motion_ft_runs/ja_phase3_bridge_v2m_m2v_native_p1ema100k_p2native200k_headcam/eval_full71_step040000_unipc30/viz/motimg2video_t53_S16_20230913_s1_austin_lopez_act2_4ubdk3_0.mp4

[eval_all] [55/71] t54_S08_20230807_s1_vanessa_chavez_act3_srm23t_0
  [video2motion] MPJPE=0.170 accel_err=0.006
  [video2motion head-camera] trans=0.0049m rot=0.731deg (GT calibration floor=0.0058m/1.090deg)
  [motimg2video] PSNR=17.148 SSIM=0.5570 LPIPS=0.3265
  [motimg2video] video -> /weka/jungbin/cosmos_motion_ft_runs/ja_phase3_bridge_v2m_m2v_native_p1ema100k_p2native200k/eval_full71_step200000_unipc30/viz/motimg2video_t52_S02_20231106_s0_nancy_david_act0_bgmt5f_0.mp4

[eval_all] [54/71] t53_S16_20230913_s1_austin_lopez_act2_4ubdk3_0
  [video2motion] MPJPE=0.146 accel_err=0.009
  [video2motion head-camera] trans=0.0063m rot=1.501deg (GT calibration floor=0.0035m/1.503deg)
  [motimg2video] PSNR=16.566 SSIM=0.5428 LPIPS=0.3530
  [motimg2video] video -> /weka/jungbin/cosmos_motion_ft_runs/ja_phase3_bridge_v2m_m2v_native_p1ema100k_p2native200k/eval_full71_step040000_unipc30/viz/motimg2video_t52_S02_20231106_s0_nancy_david_act0_bgmt5f_0.mp4

[eval_all] [54/71] t53_S16_20230913_s1_austin_lopez_act2_4ubdk3_0
  [video2motion] MPJPE=0.213 accel_err=0.010
  [video2motion head-camera] trans=0.0074m rot=1.654deg (GT calibration floor=0.0035m/1.503deg)
  [motimg2video] PSNR=16.115 SSIM=0.5279 LPIPS=0.3962
  [motimg2video] video -> /weka/jungbin/cosmos_motion_ft_runs/ja_phase3_bridge_v2m_m2v_native_p1ema100k_p2native200k_headcam/eval_full71_step040000_unipc30/viz/motimg2video_t54_S08_20230807_s1_vanessa_chavez_act3_srm23t_0.mp4

[eval_all] [56/71] t55_S10_20230828_s1_omar_patterson_act4_seazrw_100
  [video2motion] MPJPE=0.094 accel_err=0.004
  [video2motion head-camera] trans=0.0035m rot=0.582deg (GT calibration floor=0.0021m/0.636deg)
  [motimg2video] PSNR=17.506 SSIM=0.6791 LPIPS=0.2730
  [motimg2video] video -> /weka/jungbin/cosmos_motion_ft_runs/ja_phase3_bridge_v2m_m2v_native_p1ema100k_p2native200k/eval_full71_step200000_unipc30/viz/motimg2video_t53_S16_20230913_s1_austin_lopez_act2_4ubdk3_0.mp4

[eval_all] [55/71] t54_S08_20230807_s1_vanessa_chavez_act3_srm23t_0
  [video2motion] MPJPE=0.148 accel_err=0.006
  [video2motion head-camera] trans=0.0051m rot=1.143deg (GT calibration floor=0.0058m/1.090deg)
  [motimg2video] PSNR=15.781 SSIM=0.6449 LPIPS=0.3660
  [motimg2video] video -> /weka/jungbin/cosmos_motion_ft_runs/ja_phase3_bridge_v2m_m2v_native_p1ema100k_p2native200k/eval_full71_step040000_unipc30/viz/motimg2video_t53_S16_20230913_s1_austin_lopez_act2_4ubdk3_0.mp4

[eval_all] [55/71] t54_S08_20230807_s1_vanessa_chavez_act3_srm23t_0
  [video2motion] MPJPE=0.143 accel_err=0.006
  [video2motion head-camera] trans=0.0057m rot=1.225deg (GT calibration floor=0.0058m/1.090deg)
  [motimg2video] PSNR=14.664 SSIM=0.4690 LPIPS=0.3590
  [motimg2video] video -> /weka/jungbin/cosmos_motion_ft_runs/ja_phase3_bridge_v2m_m2v_native_p1ema100k_p2native200k_headcam/eval_full71_step040000_unipc30/viz/motimg2video_t55_S10_20230828_s1_omar_patterson_act4_seazrw_100.mp4

[eval_all] [57/71] t56_S05_20230728_s1_bradley_herman_act3_uwvekz_0
  [motimg2video] PSNR=16.471 SSIM=0.5310 LPIPS=0.3823
  [video2motion] MPJPE=0.098 accel_err=0.004
  [video2motion head-camera] trans=0.0028m rot=0.615deg (GT calibration floor=0.0028m/0.632deg)
  [motimg2video] video -> /weka/jungbin/cosmos_motion_ft_runs/ja_phase3_bridge_v2m_m2v_native_p1ema100k_p2native200k/eval_full71_step200000_unipc30/viz/motimg2video_t54_S08_20230807_s1_vanessa_chavez_act3_srm23t_0.mp4

[eval_all] [56/71] t55_S10_20230828_s1_omar_patterson_act4_seazrw_100
  [video2motion] MPJPE=0.075 accel_err=0.004
  [video2motion head-camera] trans=0.0035m rot=0.708deg (GT calibration floor=0.0021m/0.636deg)
  [motimg2video] PSNR=16.590 SSIM=0.5281 LPIPS=0.3938
  [motimg2video] video -> /weka/jungbin/cosmos_motion_ft_runs/ja_phase3_bridge_v2m_m2v_native_p1ema100k_p2native200k/eval_full71_step040000_unipc30/viz/motimg2video_t54_S08_20230807_s1_vanessa_chavez_act3_srm23t_0.mp4

[eval_all] [56/71] t55_S10_20230828_s1_omar_patterson_act4_seazrw_100
  [video2motion] MPJPE=0.121 accel_err=0.004
  [video2motion head-camera] trans=0.0044m rot=0.855deg (GT calibration floor=0.0021m/0.636deg)
  [motimg2video] PSNR=15.442 SSIM=0.4654 LPIPS=0.4386
  [motimg2video] video -> /weka/jungbin/cosmos_motion_ft_runs/ja_phase3_bridge_v2m_m2v_native_p1ema100k_p2native200k_headcam/eval_full71_step040000_unipc30/viz/motimg2video_t56_S05_20230728_s1_bradley_herman_act3_uwvekz_0.mp4

[eval_all] [58/71] t57_S07_20231012_s1_johnathan_good_act3_r33pvo_100
  [motimg2video] PSNR=14.637 SSIM=0.4591 LPIPS=0.3765
  [video2motion] MPJPE=0.113 accel_err=0.004
  [video2motion head-camera] trans=0.0032m rot=0.708deg (GT calibration floor=0.0023m/0.923deg)
  [motimg2video] video -> /weka/jungbin/cosmos_motion_ft_runs/ja_phase3_bridge_v2m_m2v_native_p1ema100k_p2native200k/eval_full71_step200000_unipc30/viz/motimg2video_t55_S10_20230828_s1_omar_patterson_act4_seazrw_100.mp4

[eval_all] [57/71] t56_S05_20230728_s1_bradley_herman_act3_uwvekz_0
  [video2motion] MPJPE=0.076 accel_err=0.004
  [video2motion head-camera] trans=0.0033m rot=0.884deg (GT calibration floor=0.0028m/0.632deg)
  [motimg2video] PSNR=14.463 SSIM=0.4526 LPIPS=0.3708
  [motimg2video] video -> /weka/jungbin/cosmos_motion_ft_runs/ja_phase3_bridge_v2m_m2v_native_p1ema100k_p2native200k/eval_full71_step040000_unipc30/viz/motimg2video_t55_S10_20230828_s1_omar_patterson_act4_seazrw_100.mp4

[eval_all] [57/71] t56_S05_20230728_s1_bradley_herman_act3_uwvekz_0
  [video2motion] MPJPE=0.142 accel_err=0.004
  [video2motion head-camera] trans=0.0039m rot=1.072deg (GT calibration floor=0.0028m/0.632deg)
  [motimg2video] PSNR=13.705 SSIM=0.4143 LPIPS=0.5444
  [motimg2video] video -> /weka/jungbin/cosmos_motion_ft_runs/ja_phase3_bridge_v2m_m2v_native_p1ema100k_p2native200k_headcam/eval_full71_step040000_unipc30/viz/motimg2video_t57_S07_20231012_s1_johnathan_good_act3_r33pvo_100.mp4

[eval_all] [59/71] t58_S16_20231003_s1_allen_evans_act1_8mgvm8_0
  [video2motion] MPJPE=0.163 accel_err=0.005
  [video2motion head-camera] trans=0.0056m rot=0.723deg (GT calibration floor=0.0015m/0.691deg)
  [motimg2video] PSNR=15.062 SSIM=0.4434 LPIPS=0.4376
  [motimg2video] video -> /weka/jungbin/cosmos_motion_ft_runs/ja_phase3_bridge_v2m_m2v_native_p1ema100k_p2native200k/eval_full71_step200000_unipc30/viz/motimg2video_t56_S05_20230728_s1_bradley_herman_act3_uwvekz_0.mp4

[eval_all] [58/71] t57_S07_20231012_s1_johnathan_good_act3_r33pvo_100
  [video2motion] MPJPE=0.131 accel_err=0.004
  [video2motion head-camera] trans=0.0043m rot=1.134deg (GT calibration floor=0.0023m/0.923deg)
  [motimg2video] PSNR=14.503 SSIM=0.4412 LPIPS=0.4729
  [motimg2video] video -> /weka/jungbin/cosmos_motion_ft_runs/ja_phase3_bridge_v2m_m2v_native_p1ema100k_p2native200k/eval_full71_step040000_unipc30/viz/motimg2video_t56_S05_20230728_s1_bradley_herman_act3_uwvekz_0.mp4

[eval_all] [58/71] t57_S07_20231012_s1_johnathan_good_act3_r33pvo_100
  [motimg2video] PSNR=15.479 SSIM=0.4942 LPIPS=0.3780
  [motimg2video] video -> /weka/jungbin/cosmos_motion_ft_runs/ja_phase3_bridge_v2m_m2v_native_p1ema100k_p2native200k_headcam/eval_full71_step040000_unipc30/viz/motimg2video_t58_S16_20231003_s1_allen_evans_act1_8mgvm8_0.mp4

[eval_all] [60/71] t59_S09_20230720_s0_robert_ballard_act4_k3tu8l_100
  [video2motion] MPJPE=0.143 accel_err=0.005
  [video2motion head-camera] trans=0.0050m rot=1.161deg (GT calibration floor=0.0023m/0.923deg)
  [video2motion] MPJPE=0.100 accel_err=0.009
  [video2motion head-camera] trans=0.0079m rot=0.802deg (GT calibration floor=0.0061m/1.261deg)
  [motimg2video] PSNR=13.755 SSIM=0.4108 LPIPS=0.5345
  [motimg2video] video -> /weka/jungbin/cosmos_motion_ft_runs/ja_phase3_bridge_v2m_m2v_native_p1ema100k_p2native200k/eval_full71_step200000_unipc30/viz/motimg2video_t57_S07_20231012_s1_johnathan_good_act3_r33pvo_100.mp4

[eval_all] [59/71] t58_S16_20231003_s1_allen_evans_act1_8mgvm8_0
  [video2motion] MPJPE=0.135 accel_err=0.004
  [video2motion head-camera] trans=0.0053m rot=0.864deg (GT calibration floor=0.0015m/0.691deg)
  [motimg2video] PSNR=13.312 SSIM=0.4052 LPIPS=0.5568
  [motimg2video] video -> /weka/jungbin/cosmos_motion_ft_runs/ja_phase3_bridge_v2m_m2v_native_p1ema100k_p2native200k/eval_full71_step040000_unipc30/viz/motimg2video_t57_S07_20231012_s1_johnathan_good_act3_r33pvo_100.mp4

[eval_all] [59/71] t58_S16_20231003_s1_allen_evans_act1_8mgvm8_0
  [motimg2video] PSNR=18.389 SSIM=0.5884 LPIPS=0.4226
  [motimg2video] video -> /weka/jungbin/cosmos_motion_ft_runs/ja_phase3_bridge_v2m_m2v_native_p1ema100k_p2native200k_headcam/eval_full71_step040000_unipc30/viz/motimg2video_t59_S09_20230720_s0_robert_ballard_act4_k3tu8l_100.mp4

[eval_all] [61/71] t60_S12_20231117_s1_brooke_butler_act2_yhi7zj_0
  [video2motion] MPJPE=0.180 accel_err=0.005
  [video2motion head-camera] trans=0.0062m rot=0.989deg (GT calibration floor=0.0015m/0.691deg)
  [video2motion] MPJPE=0.452 accel_err=0.005
  [video2motion head-camera] trans=0.0045m rot=0.599deg (GT calibration floor=0.0014m/0.871deg)
  [motimg2video] PSNR=15.116 SSIM=0.4971 LPIPS=0.3599
  [motimg2video] video -> /weka/jungbin/cosmos_motion_ft_runs/ja_phase3_bridge_v2m_m2v_native_p1ema100k_p2native200k/eval_full71_step200000_unipc30/viz/motimg2video_t58_S16_20231003_s1_allen_evans_act1_8mgvm8_0.mp4

[eval_all] [60/71] t59_S09_20230720_s0_robert_ballard_act4_k3tu8l_100
  [video2motion] MPJPE=0.204 accel_err=0.008
  [video2motion head-camera] trans=0.0076m rot=1.263deg (GT calibration floor=0.0061m/1.261deg)
  [motimg2video] PSNR=12.759 SSIM=0.4499 LPIPS=0.4875
  [motimg2video] video -> /weka/jungbin/cosmos_motion_ft_runs/ja_phase3_bridge_v2m_m2v_native_p1ema100k_p2native200k/eval_full71_step040000_unipc30/viz/motimg2video_t58_S16_20231003_s1_allen_evans_act1_8mgvm8_0.mp4

[eval_all] [60/71] t59_S09_20230720_s0_robert_ballard_act4_k3tu8l_100
  [motimg2video] PSNR=14.378 SSIM=0.4627 LPIPS=0.4232
  [motimg2video] video -> /weka/jungbin/cosmos_motion_ft_runs/ja_phase3_bridge_v2m_m2v_native_p1ema100k_p2native200k_headcam/eval_full71_step040000_unipc30/viz/motimg2video_t60_S12_20231117_s1_brooke_butler_act2_yhi7zj_0.mp4

[eval_all] [62/71] t61_S16_20231017_s0_emily_farmer_act1_zeh5ol_1000
  [video2motion] MPJPE=0.207 accel_err=0.009
  [video2motion head-camera] trans=0.0108m rot=1.224deg (GT calibration floor=0.0061m/1.261deg)
  [video2motion] MPJPE=0.384 accel_err=0.005
  [video2motion head-camera] trans=0.0048m rot=0.776deg (GT calibration floor=0.0072m/1.061deg)
  [motimg2video] PSNR=17.371 SSIM=0.5502 LPIPS=0.4394
  [motimg2video] video -> /weka/jungbin/cosmos_motion_ft_runs/ja_phase3_bridge_v2m_m2v_native_p1ema100k_p2native200k/eval_full71_step200000_unipc30/viz/motimg2video_t59_S09_20230720_s0_robert_ballard_act4_k3tu8l_100.mp4

[eval_all] [61/71] t60_S12_20231117_s1_brooke_butler_act2_yhi7zj_0
  [video2motion] MPJPE=0.099 accel_err=0.005
  [video2motion head-camera] trans=0.0033m rot=0.776deg (GT calibration floor=0.0014m/0.871deg)
  [motimg2video] PSNR=17.188 SSIM=0.5552 LPIPS=0.4640
  [motimg2video] PSNR=13.076 SSIM=0.3841 LPIPS=0.5448
  [motimg2video] video -> /weka/jungbin/cosmos_motion_ft_runs/ja_phase3_bridge_v2m_m2v_native_p1ema100k_p2native200k/eval_full71_step040000_unipc30/viz/motimg2video_t59_S09_20230720_s0_robert_ballard_act4_k3tu8l_100.mp4

[eval_all] [61/71] t60_S12_20231117_s1_brooke_butler_act2_yhi7zj_0
  [motimg2video] video -> /weka/jungbin/cosmos_motion_ft_runs/ja_phase3_bridge_v2m_m2v_native_p1ema100k_p2native200k_headcam/eval_full71_step040000_unipc30/viz/motimg2video_t61_S16_20231017_s0_emily_farmer_act1_zeh5ol_1000.mp4

[eval_all] [63/71] t62_S17_20230919_s0_andrew_taylor_act2_8ndt6i_0
  [video2motion] MPJPE=0.162 accel_err=0.005
  [video2motion head-camera] trans=0.0043m rot=0.886deg (GT calibration floor=0.0014m/0.871deg)
  [video2motion] MPJPE=0.130 accel_err=0.005
  [video2motion head-camera] trans=0.0036m rot=0.554deg (GT calibration floor=0.0034m/0.664deg)
  [motimg2video] PSNR=16.210 SSIM=0.5017 LPIPS=0.3225
  [motimg2video] video -> /weka/jungbin/cosmos_motion_ft_runs/ja_phase3_bridge_v2m_m2v_native_p1ema100k_p2native200k/eval_full71_step200000_unipc30/viz/motimg2video_t60_S12_20231117_s1_brooke_butler_act2_yhi7zj_0.mp4

[eval_all] [62/71] t61_S16_20231017_s0_emily_farmer_act1_zeh5ol_1000
  [video2motion] MPJPE=0.316 accel_err=0.005
  [video2motion head-camera] trans=0.0062m rot=1.209deg (GT calibration floor=0.0072m/1.061deg)
  [motimg2video] PSNR=18.503 SSIM=0.6861 LPIPS=0.4013
  [motimg2video] video -> /weka/jungbin/cosmos_motion_ft_runs/ja_phase3_bridge_v2m_m2v_native_p1ema100k_p2native200k_headcam/eval_full71_step040000_unipc30/viz/motimg2video_t62_S17_20230919_s0_andrew_taylor_act2_8ndt6i_0.mp4

[eval_all] [64/71] t63_S07_20231121_s1_christopher_martinez_act2_k0tjlc_0
  [motimg2video] PSNR=14.915 SSIM=0.4614 LPIPS=0.4154
  [motimg2video] video -> /weka/jungbin/cosmos_motion_ft_runs/ja_phase3_bridge_v2m_m2v_native_p1ema100k_p2native200k/eval_full71_step040000_unipc30/viz/motimg2video_t60_S12_20231117_s1_brooke_butler_act2_yhi7zj_0.mp4

[eval_all] [62/71] t61_S16_20231017_s0_emily_farmer_act1_zeh5ol_1000
  [video2motion] MPJPE=0.281 accel_err=0.005
  [video2motion head-camera] trans=0.0056m rot=0.985deg (GT calibration floor=0.0104m/1.316deg)
  [video2motion] MPJPE=0.297 accel_err=0.005
  [video2motion head-camera] trans=0.0077m rot=1.257deg (GT calibration floor=0.0072m/1.061deg)
  [motimg2video] PSNR=14.243 SSIM=0.4020 LPIPS=0.5113
  [motimg2video] video -> /weka/jungbin/cosmos_motion_ft_runs/ja_phase3_bridge_v2m_m2v_native_p1ema100k_p2native200k/eval_full71_step200000_unipc30/viz/motimg2video_t61_S16_20231017_s0_emily_farmer_act1_zeh5ol_1000.mp4

[eval_all] [63/71] t62_S17_20230919_s0_andrew_taylor_act2_8ndt6i_0
  [video2motion] MPJPE=0.069 accel_err=0.005
  [video2motion head-camera] trans=0.0038m rot=0.678deg (GT calibration floor=0.0034m/0.664deg)
  [motimg2video] PSNR=14.159 SSIM=0.3587 LPIPS=0.5431
  [motimg2video] video -> /weka/jungbin/cosmos_motion_ft_runs/ja_phase3_bridge_v2m_m2v_native_p1ema100k_p2native200k_headcam/eval_full71_step040000_unipc30/viz/motimg2video_t63_S07_20231121_s1_christopher_martinez_act2_k0tjlc_0.mp4

[eval_all] [65/71] t64_S01_20230726_s1_thomas_nixon_act3_vvy3pz_0
  [motimg2video] PSNR=14.145 SSIM=0.4078 LPIPS=0.5185
  [motimg2video] video -> /weka/jungbin/cosmos_motion_ft_runs/ja_phase3_bridge_v2m_m2v_native_p1ema100k_p2native200k/eval_full71_step040000_unipc30/viz/motimg2video_t61_S16_20231017_s0_emily_farmer_act1_zeh5ol_1000.mp4

[eval_all] [63/71] t62_S17_20230919_s0_andrew_taylor_act2_8ndt6i_0
  [video2motion] MPJPE=0.617 accel_err=0.008
  [video2motion head-camera] trans=0.0072m rot=0.922deg (GT calibration floor=0.0037m/1.497deg)
  [video2motion] MPJPE=0.091 accel_err=0.005
  [video2motion head-camera] trans=0.0042m rot=0.897deg (GT calibration floor=0.0034m/0.664deg)
  [motimg2video] PSNR=17.615 SSIM=0.6374 LPIPS=0.3943
  [motimg2video] video -> /weka/jungbin/cosmos_motion_ft_runs/ja_phase3_bridge_v2m_m2v_native_p1ema100k_p2native200k/eval_full71_step200000_unipc30/viz/motimg2video_t62_S17_20230919_s0_andrew_taylor_act2_8ndt6i_0.mp4

[eval_all] [64/71] t63_S07_20231121_s1_christopher_martinez_act2_k0tjlc_0
  [video2motion] MPJPE=0.168 accel_err=0.005
  [video2motion head-camera] trans=0.0054m rot=1.427deg (GT calibration floor=0.0104m/1.316deg)
  [motimg2video] PSNR=18.518 SSIM=0.6055 LPIPS=0.2756
  [motimg2video] video -> /weka/jungbin/cosmos_motion_ft_runs/ja_phase3_bridge_v2m_m2v_native_p1ema100k_p2native200k_headcam/eval_full71_step040000_unipc30/viz/motimg2video_t64_S01_20230726_s1_thomas_nixon_act3_vvy3pz_0.mp4

[eval_all] [66/71] t65_S13_20230822_s0_kyle_parker_act3_eetg21_0
  [motimg2video] PSNR=18.369 SSIM=0.6533 LPIPS=0.4171
  [motimg2video] video -> /weka/jungbin/cosmos_motion_ft_runs/ja_phase3_bridge_v2m_m2v_native_p1ema100k_p2native200k/eval_full71_step040000_unipc30/viz/motimg2video_t62_S17_20230919_s0_andrew_taylor_act2_8ndt6i_0.mp4

[eval_all] [64/71] t63_S07_20231121_s1_christopher_martinez_act2_k0tjlc_0
  [video2motion] MPJPE=0.082 accel_err=0.007
  [video2motion head-camera] trans=0.0070m rot=0.970deg (GT calibration floor=0.0040m/1.312deg)
  [video2motion] MPJPE=0.191 accel_err=0.005
  [video2motion head-camera] trans=0.0063m rot=1.343deg (GT calibration floor=0.0104m/1.316deg)
  [motimg2video] PSNR=14.146 SSIM=0.3442 LPIPS=0.5152
  [motimg2video] video -> /weka/jungbin/cosmos_motion_ft_runs/ja_phase3_bridge_v2m_m2v_native_p1ema100k_p2native200k/eval_full71_step200000_unipc30/viz/motimg2video_t63_S07_20231121_s1_christopher_martinez_act2_k0tjlc_0.mp4

[eval_all] [65/71] t64_S01_20230726_s1_thomas_nixon_act3_vvy3pz_0
  [video2motion] MPJPE=0.595 accel_err=0.008
  [video2motion head-camera] trans=0.0073m rot=1.515deg (GT calibration floor=0.0037m/1.497deg)
  [motimg2video] PSNR=18.116 SSIM=0.5709 LPIPS=0.4781
  [motimg2video] video -> /weka/jungbin/cosmos_motion_ft_runs/ja_phase3_bridge_v2m_m2v_native_p1ema100k_p2native200k_headcam/eval_full71_step040000_unipc30/viz/motimg2video_t65_S13_20230822_s0_kyle_parker_act3_eetg21_0.mp4

[eval_all] [67/71] t66_S12_20230612_s0_jason_smith_act4_r35kbc_0
  [video2motion] MPJPE=0.109 accel_err=0.004
  [video2motion head-camera] trans=0.0037m rot=0.637deg (GT calibration floor=0.0021m/0.758deg)
  [motimg2video] PSNR=13.600 SSIM=0.3322 LPIPS=0.5622
  [motimg2video] video -> /weka/jungbin/cosmos_motion_ft_runs/ja_phase3_bridge_v2m_m2v_native_p1ema100k_p2native200k/eval_full71_step040000_unipc30/viz/motimg2video_t63_S07_20231121_s1_christopher_martinez_act2_k0tjlc_0.mp4

[eval_all] [65/71] t64_S01_20230726_s1_thomas_nixon_act3_vvy3pz_0
  [video2motion] MPJPE=0.603 accel_err=0.008
  [video2motion head-camera] trans=0.0090m rot=1.645deg (GT calibration floor=0.0037m/1.497deg)
  [motimg2video] PSNR=18.402 SSIM=0.5945 LPIPS=0.2760
  [motimg2video] video -> /weka/jungbin/cosmos_motion_ft_runs/ja_phase3_bridge_v2m_m2v_native_p1ema100k_p2native200k/eval_full71_step200000_unipc30/viz/motimg2video_t64_S01_20230726_s1_thomas_nixon_act3_vvy3pz_0.mp4

[eval_all] [66/71] t65_S13_20230822_s0_kyle_parker_act3_eetg21_0
  [video2motion] MPJPE=0.151 accel_err=0.006
  [video2motion head-camera] trans=0.0082m rot=1.496deg (GT calibration floor=0.0040m/1.312deg)
  [motimg2video] PSNR=16.183 SSIM=0.4508 LPIPS=0.3867
  [motimg2video] video -> /weka/jungbin/cosmos_motion_ft_runs/ja_phase3_bridge_v2m_m2v_native_p1ema100k_p2native200k_headcam/eval_full71_step040000_unipc30/viz/motimg2video_t66_S12_20230612_s0_jason_smith_act4_r35kbc_0.mp4

[eval_all] [68/71] t67_S12_20230928_s1_barbara_sandoval_act2_btx6gv_0
  [video2motion] MPJPE=0.093 accel_err=0.005
  [video2motion head-camera] trans=0.0031m rot=0.481deg (GT calibration floor=0.0027m/0.810deg)
  [motimg2video] PSNR=16.381 SSIM=0.5428 LPIPS=0.3677
  [motimg2video] video -> /weka/jungbin/cosmos_motion_ft_runs/ja_phase3_bridge_v2m_m2v_native_p1ema100k_p2native200k/eval_full71_step040000_unipc30/viz/motimg2video_t64_S01_20230726_s1_thomas_nixon_act3_vvy3pz_0.mp4

[eval_all] [66/71] t65_S13_20230822_s0_kyle_parker_act3_eetg21_0
  [video2motion] MPJPE=0.170 accel_err=0.007
  [video2motion head-camera] trans=0.0093m rot=1.577deg (GT calibration floor=0.0040m/1.312deg)
  [motimg2video] PSNR=17.538 SSIM=0.5470 LPIPS=0.4783
  [motimg2video] video -> /weka/jungbin/cosmos_motion_ft_runs/ja_phase3_bridge_v2m_m2v_native_p1ema100k_p2native200k/eval_full71_step200000_unipc30/viz/motimg2video_t65_S13_20230822_s0_kyle_parker_act3_eetg21_0.mp4

[eval_all] [67/71] t66_S12_20230612_s0_jason_smith_act4_r35kbc_0
  [video2motion] MPJPE=0.099 accel_err=0.004
  [video2motion head-camera] trans=0.0037m rot=0.833deg (GT calibration floor=0.0021m/0.758deg)
  [motimg2video] PSNR=17.049 SSIM=0.4763 LPIPS=0.2762
  [motimg2video] video -> /weka/jungbin/cosmos_motion_ft_runs/ja_phase3_bridge_v2m_m2v_native_p1ema100k_p2native200k_headcam/eval_full71_step040000_unipc30/viz/motimg2video_t67_S12_20230928_s1_barbara_sandoval_act2_btx6gv_0.mp4

[eval_all] [69/71] t68_S06_20230711_s0_frederick_young_act3_q30n7j_0
  [video2motion] MPJPE=0.182 accel_err=0.008
  [video2motion head-camera] trans=0.0088m rot=0.924deg (GT calibration floor=0.0081m/1.386deg)
  [motimg2video] PSNR=17.124 SSIM=0.5341 LPIPS=0.4787
  [motimg2video] video -> /weka/jungbin/cosmos_motion_ft_runs/ja_phase3_bridge_v2m_m2v_native_p1ema100k_p2native200k/eval_full71_step040000_unipc30/viz/motimg2video_t65_S13_20230822_s0_kyle_parker_act3_eetg21_0.mp4

[eval_all] [67/71] t66_S12_20230612_s0_jason_smith_act4_r35kbc_0
  [video2motion] MPJPE=0.130 accel_err=0.004
  [video2motion head-camera] trans=0.0048m rot=0.988deg (GT calibration floor=0.0021m/0.758deg)
  [motimg2video] PSNR=16.463 SSIM=0.4559 LPIPS=0.3888
  [motimg2video] video -> /weka/jungbin/cosmos_motion_ft_runs/ja_phase3_bridge_v2m_m2v_native_p1ema100k_p2native200k/eval_full71_step200000_unipc30/viz/motimg2video_t66_S12_20230612_s0_jason_smith_act4_r35kbc_0.mp4

[eval_all] [68/71] t67_S12_20230928_s1_barbara_sandoval_act2_btx6gv_0
  [motimg2video] PSNR=17.419 SSIM=0.5449 LPIPS=0.3657
  [motimg2video] video -> /weka/jungbin/cosmos_motion_ft_runs/ja_phase3_bridge_v2m_m2v_native_p1ema100k_p2native200k_headcam/eval_full71_step040000_unipc30/viz/motimg2video_t68_S06_20230711_s0_frederick_young_act3_q30n7j_0.mp4

[eval_all] [70/71] t69_S14_20230607_s0_james_johnson_act0_e72nhq_0
  [video2motion] MPJPE=0.084 accel_err=0.005
  [video2motion head-camera] trans=0.0047m rot=0.710deg (GT calibration floor=0.0027m/0.810deg)
  [video2motion] MPJPE=0.125 accel_err=0.006
  [video2motion head-camera] trans=0.0076m rot=1.332deg (GT calibration floor=0.0084m/1.759deg)
  [motimg2video] PSNR=16.517 SSIM=0.4560 LPIPS=0.3869
  [motimg2video] video -> /weka/jungbin/cosmos_motion_ft_runs/ja_phase3_bridge_v2m_m2v_native_p1ema100k_p2native200k/eval_full71_step040000_unipc30/viz/motimg2video_t66_S12_20230612_s0_jason_smith_act4_r35kbc_0.mp4

[eval_all] [68/71] t67_S12_20230928_s1_barbara_sandoval_act2_btx6gv_0
  [video2motion] MPJPE=0.071 accel_err=0.005
  [video2motion head-camera] trans=0.0041m rot=0.828deg (GT calibration floor=0.0027m/0.810deg)
  [motimg2video] PSNR=17.111 SSIM=0.4745 LPIPS=0.2747
  [motimg2video] video -> /weka/jungbin/cosmos_motion_ft_runs/ja_phase3_bridge_v2m_m2v_native_p1ema100k_p2native200k/eval_full71_step200000_unipc30/viz/motimg2video_t67_S12_20230928_s1_barbara_sandoval_act2_btx6gv_0.mp4

[eval_all] [69/71] t68_S06_20230711_s0_frederick_young_act3_q30n7j_0
  [motimg2video] PSNR=18.268 SSIM=0.5658 LPIPS=0.4162
  [motimg2video] video -> /weka/jungbin/cosmos_motion_ft_runs/ja_phase3_bridge_v2m_m2v_native_p1ema100k_p2native200k_headcam/eval_full71_step040000_unipc30/viz/motimg2video_t69_S14_20230607_s0_james_johnson_act0_e72nhq_0.mp4

[eval_all] [71/71] t70_S02_20231110_s0_thomas_brown_act4_x3t73z_200
  [video2motion] MPJPE=0.151 accel_err=0.008
  [video2motion head-camera] trans=0.0111m rot=1.486deg (GT calibration floor=0.0081m/1.386deg)
  [video2motion] MPJPE=0.133 accel_err=0.007
  [video2motion head-camera] trans=0.0059m rot=0.894deg (GT calibration floor=0.0023m/1.091deg)
  [motimg2video] PSNR=16.231 SSIM=0.4451 LPIPS=0.3008
  [motimg2video] video -> /weka/jungbin/cosmos_motion_ft_runs/ja_phase3_bridge_v2m_m2v_native_p1ema100k_p2native200k/eval_full71_step040000_unipc30/viz/motimg2video_t67_S12_20230928_s1_barbara_sandoval_act2_btx6gv_0.mp4

[eval_all] [69/71] t68_S06_20230711_s0_frederick_young_act3_q30n7j_0
  [video2motion] MPJPE=0.127 accel_err=0.008
  [video2motion head-camera] trans=0.0120m rot=1.534deg (GT calibration floor=0.0081m/1.386deg)
  [motimg2video] PSNR=17.392 SSIM=0.5381 LPIPS=0.3471
  [motimg2video] PSNR=17.924 SSIM=0.5373 LPIPS=0.4598
  [motimg2video] video -> /weka/jungbin/cosmos_motion_ft_runs/ja_phase3_bridge_v2m_m2v_native_p1ema100k_p2native200k/eval_full71_step200000_unipc30/viz/motimg2video_t68_S06_20230711_s0_frederick_young_act3_q30n7j_0.mp4

[eval_all] [70/71] t69_S14_20230607_s0_james_johnson_act0_e72nhq_0
  [motimg2video] video -> /weka/jungbin/cosmos_motion_ft_runs/ja_phase3_bridge_v2m_m2v_native_p1ema100k_p2native200k_headcam/eval_full71_step040000_unipc30/viz/motimg2video_t70_S02_20231110_s0_thomas_brown_act4_x3t73z_200.mp4

=== motion-recon eval | 71 windows | video2motion | /weka/jungbin/cosmos_motion_ft_runs/ja_phase3_bridge_v2m_m2v_native_p1ema100k_p2native200k_headcam/eval_full71_step040000_unipc30 ===
sequence                              mpjpe_m   pa_mpjpe_m     feat_mse    accel_err   accel_pred     accel_gt   root_err_m
---------------------------------------------------------------------------------------------------------------------------
t0_S07_20231013_s0_shelley_jones       0.1383       0.1047       0.3879       0.0080       0.0071       0.0066       0.1124
t10_S11_20230816_s1_jeffery_brya       0.1772       0.0985       0.4108       0.0075       0.0064       0.0057       0.1494
t11_S05_20230817_s1_rebecca_ward       0.5401       0.1751       0.5433       0.0073       0.0057       0.0051       0.5691
t12_S08_20230728_s0_lauren_mayer       0.1125       0.0772       0.3371       0.0050       0.0042       0.0023       0.0931
t13_S12_20231004_s0_corey_colema       2.3524       0.1659       1.7704       0.0097       0.0062       0.0097       2.3472
t14_S10_20230719_s0_shane_smith_       0.1320       0.1142       0.2641       0.0055       0.0047       0.0034       0.1181
t15_S16_20230926_s1_megan_mejia_       0.2489       0.1434       0.5507       0.0086       0.0071       0.0064       0.2405
t16_S02_20231102_s0_samuel_roger       0.2066       0.1025       0.4071       0.0060       0.0046       0.0047       0.1758
t17_S05_20230803_s1_jennifer_sex       0.1646       0.1490       0.5194       0.0048       0.0033       0.0038       0.1502
t18_S01_20230705_s0_william_davi       0.6051       0.0916       0.3942       0.0078       0.0066       0.0076       0.5879
t19_S01_20230607_s1_barbara_whee       0.2047       0.1087       0.3398       0.0062       0.0054       0.0052       0.2029
t1_S12_20230706_s0_breanna_reese       0.2592       0.2143       1.3605       0.0045       0.0040       0.0021       0.1398
t20_S03_20230831_s1_ronald_harri       0.1122       0.0639       0.2633       0.0044       0.0036       0.0041       0.0988
t21_S06_20230707_s1_elizabeth_tu       0.1530       0.0956       0.2021       0.0069       0.0062       0.0077       0.1463
t22_S19_20230926_s1_megan_mejia_       0.3110       0.1370       0.7430       0.0070       0.0049       0.0047       0.3109
t23_S01_20230612_s1_christina_jo       0.1600       0.0703       0.5536       0.0039       0.0029       0.0025       0.1180
t24_S19_20231117_s0_randy_martin       0.2386       0.1841       0.3608       0.0078       0.0055       0.0059       0.2272
t25_S07_20230615_s0_dawn_heath_a       0.1659       0.0721       0.2234       0.0070       0.0060       0.0068       0.1540
t26_S10_20230707_s0_anthony_pere       0.2196       0.0839       0.3326       0.0072       0.0077       0.0074       0.2013
t27_S16_20230925_s0_suzanne_rome       0.1911       0.1426       0.3088       0.0100       0.0066       0.0090       0.1785
t28_S05_20230712_s0_laura_wilson       0.1762       0.0571       0.1922       0.0074       0.0054       0.0071       0.1533
t29_S06_20230801_s0_aimee_davis_       0.2573       0.1842       0.6201       0.0082       0.0060       0.0063       0.2352
t2_S01_20230706_s1_morgan_terrel       0.1382       0.0706       0.2022       0.0058       0.0044       0.0047       0.1396
t30_S16_20230926_s1_megan_mejia_       0.1683       0.1515       0.6272       0.0082       0.0057       0.0064       0.0664
t31_S10_20231117_s0_randy_martin       0.0984       0.0978       0.4116       0.0054       0.0043       0.0035       0.0475
t32_S08_20230703_s0_tommy_ayala_       0.2017       0.0844       0.3650       0.0087       0.0066       0.0072       0.1928
t33_S07_20231004_s1_ashley_reyes       0.1836       0.0995       0.3485       0.0080       0.0059       0.0071       0.1734
t34_S19_20230608_s0_shelby_arroy       0.1158       0.0912       0.4523       0.0073       0.0056       0.0047       0.0596
t35_S05_20230714_s1_jacob_webb_a       0.1923       0.0835       0.2444       0.0070       0.0057       0.0056       0.1860
t36_S01_20230721_s0_mitchell_mcd       0.2416       0.0916       0.6801       0.0063       0.0047       0.0050       0.1959
t37_S17_20230918_s0_kevin_shaw_a       0.1682       0.1100       0.6840       0.0036       0.0028       0.0021       0.1343
t38_S04_20230717_s0_danielle_ort       0.0889       0.0624       0.2565       0.0058       0.0050       0.0044       0.0705
t39_S02_20230908_s0_joel_anderso       0.1906       0.0824       0.2961       0.0050       0.0037       0.0036       0.1914
t3_S19_20230919_s1_jessica_webst       0.6913       0.0594       0.2975       0.0049       0.0038       0.0046       0.6744
t40_S16_20231106_s1_amanda_rodge       0.2166       0.0790       0.1551       0.0065       0.0066       0.0063       0.2050
t41_S12_20230609_s1_heather_beck       0.1965       0.0965       0.4127       0.0056       0.0049       0.0046       0.1753
t42_S08_20230622_s1_sherri_scott       0.1920       0.1420       0.5267       0.0055       0.0046       0.0045       0.1409
t43_S03_20230817_s1_rebecca_ward       0.1653       0.1174       0.3083       0.0060       0.0050       0.0043       0.1424
t44_S19_20231020_s0_anthony_chen       1.2989       0.1627       0.8979       0.0086       0.0078       0.0073       1.2563
t45_S10_20230622_s1_sherri_scott       0.1735       0.1001       0.3187       0.0082       0.0063       0.0069       0.1527
t46_S01_20230822_s0_kyle_parker_       0.2046       0.1181       0.3590       0.0060       0.0046       0.0046       0.2025
t47_S12_20230907_s0_margaret_mcc       0.4449       0.0725       0.1823       0.0074       0.0059       0.0071       0.4185
t48_S14_20230630_s0_gloria_carr_       0.2769       0.1937       0.9591       0.0064       0.0051       0.0043       0.2489
t49_S03_20230906_s0_pam_nelson_a       0.1882       0.1122       0.2249       0.0053       0.0042       0.0040       0.1765
t4_S13_20230717_s0_danielle_orti       0.1498       0.0656       0.2957       0.0053       0.0042       0.0040       0.1062
t50_S02_20230725_s1_julie_taylor       0.1177       0.0922       0.4188       0.0059       0.0045       0.0043       0.1073
t51_S07_20231027_s1_stacie_cross       0.1380       0.0756       0.2016       0.0061       0.0053       0.0049       0.1315
t52_S02_20231106_s0_nancy_david_       0.1777       0.0691       0.1688       0.0055       0.0042       0.0047       0.1664
t53_S16_20230913_s1_austin_lopez       0.1846       0.1696       0.3179       0.0089       0.0066       0.0075       0.1524
t54_S08_20230807_s1_vanessa_chav       0.1700       0.1065       0.4191       0.0057       0.0051       0.0049       0.1112
t55_S10_20230828_s1_omar_patters       0.0944       0.0470       0.2117       0.0037       0.0026       0.0027       0.0661
t56_S05_20230728_s1_bradley_herm       0.0975       0.0725       0.2300       0.0041       0.0034       0.0025       0.0759
t57_S07_20231012_s1_johnathan_go       0.1131       0.0789       0.2470       0.0040       0.0036       0.0025       0.0749
t58_S16_20231003_s1_allen_evans_       0.1633       0.0808       0.2873       0.0048       0.0040       0.0026       0.1283
t59_S09_20230720_s0_robert_balla       0.1002       0.0795       0.1988       0.0086       0.0073       0.0094       0.0836
t5_S02_20231011_s1_daniel_kim_ac       0.1930       0.0613       0.5788       0.0050       0.0037       0.0040       0.1407
t60_S12_20231117_s1_brooke_butle       0.4525       0.2129       1.0400       0.0053       0.0037       0.0038       0.4905
t61_S16_20231017_s0_emily_farmer       0.3844       0.1191       0.4043       0.0051       0.0045       0.0037       0.3428
t62_S17_20230919_s0_andrew_taylo       0.1295       0.0685       0.1901       0.0047       0.0039       0.0038       0.1261
t63_S07_20231121_s1_christopher_       0.2812       0.1173       0.5649       0.0049       0.0043       0.0035       0.2599
t64_S01_20230726_s1_thomas_nixon       0.6168       0.0653       0.2825       0.0080       0.0056       0.0072       0.6183
t65_S13_20230822_s0_kyle_parker_       0.0825       0.0656       0.1837       0.0066       0.0055       0.0059       0.0599
t66_S12_20230612_s0_jason_smith_       0.1086       0.0479       0.1522       0.0042       0.0030       0.0032       0.0941
t67_S12_20230928_s1_barbara_sand       0.0928       0.0500       0.2005       0.0046       0.0037       0.0042       0.0819
t68_S06_20230711_s0_frederick_yo       0.1820       0.0722       0.1895       0.0079       0.0066       0.0073       0.1530
t69_S14_20230607_s0_james_johnso       0.1252       0.1018       0.2980       0.0064       0.0053       0.0051       0.1137
t6_S14_20230726_s1_thomas_nixon_       0.0837       0.0613       0.1491       0.0040       0.0031       0.0030       0.0714
t70_S02_20231110_s0_thomas_brown       0.1330       0.0936       0.2736       0.0067       0.0055       0.0063       0.0966
t7_S02_20230614_s1_matthew_harpe       0.1292       0.0812       0.3127       0.0074       0.0056       0.0067       0.1110
t8_S02_20231003_s1_allen_evans_a       0.0982       0.0749       0.2175       0.0043       0.0036       0.0024       0.0925
t9_S02_20231128_s1_michael_varga       0.2032       0.1391       0.5902       0.0076       0.0070       0.0047       0.1885
---------------------------------------------------------------------------------------------------------------------------
MEAN                                   0.2502       0.1026       0.4073       0.0063       0.0050       0.0051       0.2282
MEDIAN                                 0.1772       0.0922       0.3187       0.0061       0.0050       0.0047       0.1502
guide: mpjpe_m/pa_mpjpe_m/root_err_m/accel_err all lower-better (m); accel_pred vs accel_gt = jitter ratio; feat_mse in z-scored space

=== motion-recon eval | 66 windows | video2motion floor-valid | /weka/jungbin/cosmos_motion_ft_runs/ja_phase3_bridge_v2m_m2v_native_p1ema100k_p2native200k_headcam/eval_full71_step040000_unipc30 ===
sequence                              mpjpe_m   pa_mpjpe_m     feat_mse    accel_err   accel_pred     accel_gt   root_err_m
---------------------------------------------------------------------------------------------------------------------------
t0_S07_20231013_s0_shelley_jones       0.1383       0.1047       0.3879       0.0080       0.0071       0.0066       0.1124
t10_S11_20230816_s1_jeffery_brya       0.1772       0.0985       0.4108       0.0075       0.0064       0.0057       0.1494
t11_S05_20230817_s1_rebecca_ward       0.5401       0.1751       0.5433       0.0073       0.0057       0.0051       0.5691
t12_S08_20230728_s0_lauren_mayer       0.1125       0.0772       0.3371       0.0050       0.0042       0.0023       0.0931
t14_S10_20230719_s0_shane_smith_       0.1320       0.1142       0.2641       0.0055       0.0047       0.0034       0.1181
t15_S16_20230926_s1_megan_mejia_       0.2489       0.1434       0.5507       0.0086       0.0071       0.0064       0.2405
t16_S02_20231102_s0_samuel_roger       0.2066       0.1025       0.4071       0.0060       0.0046       0.0047       0.1758
t17_S05_20230803_s1_jennifer_sex       0.1646       0.1490       0.5194       0.0048       0.0033       0.0038       0.1502
t18_S01_20230705_s0_william_davi       0.6051       0.0916       0.3942       0.0078       0.0066       0.0076       0.5879
t19_S01_20230607_s1_barbara_whee       0.2047       0.1087       0.3398       0.0062       0.0054       0.0052       0.2029
t1_S12_20230706_s0_breanna_reese       0.2592       0.2143       1.3605       0.0045       0.0040       0.0021       0.1398
t20_S03_20230831_s1_ronald_harri       0.1122       0.0639       0.2633       0.0044       0.0036       0.0041       0.0988
t21_S06_20230707_s1_elizabeth_tu       0.1530       0.0956       0.2021       0.0069       0.0062       0.0077       0.1463
t22_S19_20230926_s1_megan_mejia_       0.3110       0.1370       0.7430       0.0070       0.0049       0.0047       0.3109
t23_S01_20230612_s1_christina_jo       0.1600       0.0703       0.5536       0.0039       0.0029       0.0025       0.1180
t25_S07_20230615_s0_dawn_heath_a       0.1659       0.0721       0.2234       0.0070       0.0060       0.0068       0.1540
t26_S10_20230707_s0_anthony_pere       0.2196       0.0839       0.3326       0.0072       0.0077       0.0074       0.2013
t27_S16_20230925_s0_suzanne_rome       0.1911       0.1426       0.3088       0.0100       0.0066       0.0090       0.1785
t28_S05_20230712_s0_laura_wilson       0.1762       0.0571       0.1922       0.0074       0.0054       0.0071       0.1533
t29_S06_20230801_s0_aimee_davis_       0.2573       0.1842       0.6201       0.0082       0.0060       0.0063       0.2352
t2_S01_20230706_s1_morgan_terrel       0.1382       0.0706       0.2022       0.0058       0.0044       0.0047       0.1396
t30_S16_20230926_s1_megan_mejia_       0.1683       0.1515       0.6272       0.0082       0.0057       0.0064       0.0664
t31_S10_20231117_s0_randy_martin       0.0984       0.0978       0.4116       0.0054       0.0043       0.0035       0.0475
t32_S08_20230703_s0_tommy_ayala_       0.2017       0.0844       0.3650       0.0087       0.0066       0.0072       0.1928
t33_S07_20231004_s1_ashley_reyes       0.1836       0.0995       0.3485       0.0080       0.0059       0.0071       0.1734
t34_S19_20230608_s0_shelby_arroy       0.1158       0.0912       0.4523       0.0073       0.0056       0.0047       0.0596
t35_S05_20230714_s1_jacob_webb_a       0.1923       0.0835       0.2444       0.0070       0.0057       0.0056       0.1860
t36_S01_20230721_s0_mitchell_mcd       0.2416       0.0916       0.6801       0.0063       0.0047       0.0050       0.1959
t37_S17_20230918_s0_kevin_shaw_a       0.1682       0.1100       0.6840       0.0036       0.0028       0.0021       0.1343
t38_S04_20230717_s0_danielle_ort       0.0889       0.0624       0.2565       0.0058       0.0050       0.0044       0.0705
t39_S02_20230908_s0_joel_anderso       0.1906       0.0824       0.2961       0.0050       0.0037       0.0036       0.1914
t40_S16_20231106_s1_amanda_rodge       0.2166       0.0790       0.1551       0.0065       0.0066       0.0063       0.2050
t41_S12_20230609_s1_heather_beck       0.1965       0.0965       0.4127       0.0056       0.0049       0.0046       0.1753
t42_S08_20230622_s1_sherri_scott       0.1920       0.1420       0.5267       0.0055       0.0046       0.0045       0.1409
t43_S03_20230817_s1_rebecca_ward       0.1653       0.1174       0.3083       0.0060       0.0050       0.0043       0.1424
t45_S10_20230622_s1_sherri_scott       0.1735       0.1001       0.3187       0.0082       0.0063       0.0069       0.1527
t46_S01_20230822_s0_kyle_parker_       0.2046       0.1181       0.3590       0.0060       0.0046       0.0046       0.2025
t47_S12_20230907_s0_margaret_mcc       0.4449       0.0725       0.1823       0.0074       0.0059       0.0071       0.4185
t48_S14_20230630_s0_gloria_carr_       0.2769       0.1937       0.9591       0.0064       0.0051       0.0043       0.2489
t49_S03_20230906_s0_pam_nelson_a       0.1882       0.1122       0.2249       0.0053       0.0042       0.0040       0.1765
t4_S13_20230717_s0_danielle_orti       0.1498       0.0656       0.2957       0.0053       0.0042       0.0040       0.1062
t50_S02_20230725_s1_julie_taylor       0.1177       0.0922       0.4188       0.0059       0.0045       0.0043       0.1073
t51_S07_20231027_s1_stacie_cross       0.1380       0.0756       0.2016       0.0061       0.0053       0.0049       0.1315
t52_S02_20231106_s0_nancy_david_       0.1777       0.0691       0.1688       0.0055       0.0042       0.0047       0.1664
t53_S16_20230913_s1_austin_lopez       0.1846       0.1696       0.3179       0.0089       0.0066       0.0075       0.1524
t54_S08_20230807_s1_vanessa_chav       0.1700       0.1065       0.4191       0.0057       0.0051       0.0049       0.1112
t55_S10_20230828_s1_omar_patters       0.0944       0.0470       0.2117       0.0037       0.0026       0.0027       0.0661
t56_S05_20230728_s1_bradley_herm       0.0975       0.0725       0.2300       0.0041       0.0034       0.0025       0.0759
t57_S07_20231012_s1_johnathan_go       0.1131       0.0789       0.2470       0.0040       0.0036       0.0025       0.0749
t58_S16_20231003_s1_allen_evans_       0.1633       0.0808       0.2873       0.0048       0.0040       0.0026       0.1283
t59_S09_20230720_s0_robert_balla       0.1002       0.0795       0.1988       0.0086       0.0073       0.0094       0.0836
t5_S02_20231011_s1_daniel_kim_ac       0.1930       0.0613       0.5788       0.0050       0.0037       0.0040       0.1407
t60_S12_20231117_s1_brooke_butle       0.4525       0.2129       1.0400       0.0053       0.0037       0.0038       0.4905
t61_S16_20231017_s0_emily_farmer       0.3844       0.1191       0.4043       0.0051       0.0045       0.0037       0.3428
t62_S17_20230919_s0_andrew_taylo       0.1295       0.0685       0.1901       0.0047       0.0039       0.0038       0.1261
t63_S07_20231121_s1_christopher_       0.2812       0.1173       0.5649       0.0049       0.0043       0.0035       0.2599
t65_S13_20230822_s0_kyle_parker_       0.0825       0.0656       0.1837       0.0066       0.0055       0.0059       0.0599
t66_S12_20230612_s0_jason_smith_       0.1086       0.0479       0.1522       0.0042       0.0030       0.0032       0.0941
t67_S12_20230928_s1_barbara_sand       0.0928       0.0500       0.2005       0.0046       0.0037       0.0042       0.0819
t68_S06_20230711_s0_frederick_yo       0.1820       0.0722       0.1895       0.0079       0.0066       0.0073       0.1530
t69_S14_20230607_s0_james_johnso       0.1252       0.1018       0.2980       0.0064       0.0053       0.0051       0.1137
t6_S14_20230726_s1_thomas_nixon_       0.0837       0.0613       0.1491       0.0040       0.0031       0.0030       0.0714
t70_S02_20231110_s0_thomas_brown       0.1330       0.0936       0.2736       0.0067       0.0055       0.0063       0.0966
t7_S02_20230614_s1_matthew_harpe       0.1292       0.0812       0.3127       0.0074       0.0056       0.0067       0.1110
t8_S02_20231003_s1_allen_evans_a       0.0982       0.0749       0.2175       0.0043       0.0036       0.0024       0.0925
t9_S02_20231128_s1_michael_varga       0.2032       0.1391       0.5902       0.0076       0.0070       0.0047       0.1885
---------------------------------------------------------------------------------------------------------------------------
MEAN                                   0.1904       0.1007       0.3835       0.0062       0.0050       0.0050       0.1679
MEDIAN                                 0.1718       0.0919       0.3183       0.0060       0.0049       0.0047       0.1444
guide: mpjpe_m/pa_mpjpe_m/root_err_m/accel_err all lower-better (m); accel_pred vs accel_gt = jitter ratio; feat_mse in z-scored space

==============================================================================
EVAL SUMMARY  |  /weka/jungbin/cosmos_motion_ft_runs/ja_phase3_bridge_v2m_m2v_native_p1ema100k_p2native200k_headcam/eval_full71_step040000_unipc30
==============================================================================
video2motion      MPJPE=0.250m  PA-MPJPE=0.103m  accel_err=0.006  (pred/gt jitter=1.0x)
v2m head-camera   trans=0.0059m  rot=0.881deg  GT-floor=0.0047m/1.256deg
motimg2video      71 clips generated
motimg2video      PSNR=16.547dB  SSIM=0.5248  LPIPS=0.4000

viz files written (142):
  /weka/jungbin/cosmos_motion_ft_runs/ja_phase3_bridge_v2m_m2v_native_p1ema100k_p2native200k_headcam/eval_full71_step040000_unipc30/viz/video2motion_t0_S07_20231013_s0_shelley_jones_act3_w23p1b_0.mp4
  /weka/jungbin/cosmos_motion_ft_runs/ja_phase3_bridge_v2m_m2v_native_p1ema100k_p2native200k_headcam/eval_full71_step040000_unipc30/viz/motimg2video_t0_S07_20231013_s0_shelley_jones_act3_w23p1b_0.mp4
  /weka/jungbin/cosmos_motion_ft_runs/ja_phase3_bridge_v2m_m2v_native_p1ema100k_p2native200k_headcam/eval_full71_step040000_unipc30/viz/video2motion_t1_S12_20230706_s0_breanna_reese_act0_cfg468_0.mp4
  /weka/jungbin/cosmos_motion_ft_runs/ja_phase3_bridge_v2m_m2v_native_p1ema100k_p2native200k_headcam/eval_full71_step040000_unipc30/viz/motimg2video_t1_S12_20230706_s0_breanna_reese_act0_cfg468_0.mp4
  /weka/jungbin/cosmos_motion_ft_runs/ja_phase3_bridge_v2m_m2v_native_p1ema100k_p2native200k_headcam/eval_full71_step040000_unipc30/viz/video2motion_t2_S01_20230706_s1_morgan_terrell_act3_9ops7e_0.mp4
  /weka/jungbin/cosmos_motion_ft_runs/ja_phase3_bridge_v2m_m2v_native_p1ema100k_p2native200k_headcam/eval_full71_step040000_unipc30/viz/motimg2video_t2_S01_20230706_s1_morgan_terrell_act3_9ops7e_0.mp4
  /weka/jungbin/cosmos_motion_ft_runs/ja_phase3_bridge_v2m_m2v_native_p1ema100k_p2native200k_headcam/eval_full71_step040000_unipc30/viz/video2motion_t3_S19_20230919_s1_jessica_webster_act3_sry5zc_0.mp4
  /weka/jungbin/cosmos_motion_ft_runs/ja_phase3_bridge_v2m_m2v_native_p1ema100k_p2native200k_headcam/eval_full71_step040000_unipc30/viz/motimg2video_t3_S19_20230919_s1_jessica_webster_act3_sry5zc_0.mp4
  /weka/jungbin/cosmos_motion_ft_runs/ja_phase3_bridge_v2m_m2v_native_p1ema100k_p2native200k_headcam/eval_full71_step040000_unipc30/viz/video2motion_t4_S13_20230717_s0_danielle_ortiz_act1_kn2tq7_0.mp4
  /weka/jungbin/cosmos_motion_ft_runs/ja_phase3_bridge_v2m_m2v_native_p1ema100k_p2native200k_headcam/eval_full71_step040000_unipc30/viz/motimg2video_t4_S13_20230717_s0_danielle_ortiz_act1_kn2tq7_0.mp4
  /weka/jungbin/cosmos_motion_ft_runs/ja_phase3_bridge_v2m_m2v_native_p1ema100k_p2native200k_headcam/eval_full71_step040000_unipc30/viz/video2motion_t5_S02_20231011_s1_daniel_kim_act2_6lxp22_101.mp4
  /weka/jungbin/cosmos_motion_ft_runs/ja_phase3_bridge_v2m_m2v_native_p1ema100k_p2native200k_headcam/eval_full71_step040000_unipc30/viz/motimg2video_t5_S02_20231011_s1_daniel_kim_act2_6lxp22_101.mp4
  /weka/jungbin/cosmos_motion_ft_runs/ja_phase3_bridge_v2m_m2v_native_p1ema100k_p2native200k_headcam/eval_full71_step040000_unipc30/viz/video2motion_t6_S14_20230726_s1_thomas_nixon_act1_k0zomm_0.mp4
  /weka/jungbin/cosmos_motion_ft_runs/ja_phase3_bridge_v2m_m2v_native_p1ema100k_p2native200k_headcam/eval_full71_step040000_unipc30/viz/motimg2video_t6_S14_20230726_s1_thomas_nixon_act1_k0zomm_0.mp4
  /weka/jungbin/cosmos_motion_ft_runs/ja_phase3_bridge_v2m_m2v_native_p1ema100k_p2native200k_headcam/eval_full71_step040000_unipc30/viz/video2motion_t7_S02_20230614_s1_matthew_harper_act1_cimupu_0.mp4
  /weka/jungbin/cosmos_motion_ft_runs/ja_phase3_bridge_v2m_m2v_native_p1ema100k_p2native200k_headcam/eval_full71_step040000_unipc30/viz/motimg2video_t7_S02_20230614_s1_matthew_harper_act1_cimupu_0.mp4
  /weka/jungbin/cosmos_motion_ft_runs/ja_phase3_bridge_v2m_m2v_native_p1ema100k_p2native200k_headcam/eval_full71_step040000_unipc30/viz/video2motion_t8_S02_20231003_s1_allen_evans_act0_1w2b7b_0.mp4
  /weka/jungbin/cosmos_motion_ft_runs/ja_phase3_bridge_v2m_m2v_native_p1ema100k_p2native200k_headcam/eval_full71_step040000_unipc30/viz/motimg2video_t8_S02_20231003_s1_allen_evans_act0_1w2b7b_0.mp4
  /weka/jungbin/cosmos_motion_ft_runs/ja_phase3_bridge_v2m_m2v_native_p1ema100k_p2native200k_headcam/eval_full71_step040000_unipc30/viz/video2motion_t9_S02_20231128_s1_michael_vargas_act0_yvskcx_0.mp4
  /weka/jungbin/cosmos_motion_ft_runs/ja_phase3_bridge_v2m_m2v_native_p1ema100k_p2native200k_headcam/eval_full71_step040000_unipc30/viz/motimg2video_t9_S02_20231128_s1_michael_vargas_act0_yvskcx_0.mp4
  /weka/jungbin/cosmos_motion_ft_runs/ja_phase3_bridge_v2m_m2v_native_p1ema100k_p2native200k_headcam/eval_full71_step040000_unipc30/viz/video2motion_t10_S11_20230816_s1_jeffery_bryant_act1_2a6fxu_0.mp4
  /weka/jungbin/cosmos_motion_ft_runs/ja_phase3_bridge_v2m_m2v_native_p1ema100k_p2native200k_headcam/eval_full71_step040000_unipc30/viz/motimg2video_t10_S11_20230816_s1_jeffery_bryant_act1_2a6fxu_0.mp4
  /weka/jungbin/cosmos_motion_ft_runs/ja_phase3_bridge_v2m_m2v_native_p1ema100k_p2native200k_headcam/eval_full71_step040000_unipc30/viz/video2motion_t11_S05_20230817_s1_rebecca_ward_act2_39a7o2_200.mp4
  /weka/jungbin/cosmos_motion_ft_runs/ja_phase3_bridge_v2m_m2v_native_p1ema100k_p2native200k_headcam/eval_full71_step040000_unipc30/viz/motimg2video_t11_S05_20230817_s1_rebecca_ward_act2_39a7o2_200.mp4
  /weka/jungbin/cosmos_motion_ft_runs/ja_phase3_bridge_v2m_m2v_native_p1ema100k_p2native200k_headcam/eval_full71_step040000_unipc30/viz/video2motion_t12_S08_20230728_s0_lauren_mayer_act0_wv6a30_0.mp4
  /weka/jungbin/cosmos_motion_ft_runs/ja_phase3_bridge_v2m_m2v_native_p1ema100k_p2native200k_headcam/eval_full71_step040000_unipc30/viz/motimg2video_t12_S08_20230728_s0_lauren_mayer_act0_wv6a30_0.mp4
  /weka/jungbin/cosmos_motion_ft_runs/ja_phase3_bridge_v2m_m2v_native_p1ema100k_p2native200k_headcam/eval_full71_step040000_unipc30/viz/video2motion_t13_S12_20231004_s0_corey_coleman_act3_45q7f3_0.mp4
  /weka/jungbin/cosmos_motion_ft_runs/ja_phase3_bridge_v2m_m2v_native_p1ema100k_p2native200k_headcam/eval_full71_step040000_unipc30/viz/motimg2video_t13_S12_20231004_s0_corey_coleman_act3_45q7f3_0.mp4
  /weka/jungbin/cosmos_motion_ft_runs/ja_phase3_bridge_v2m_m2v_native_p1ema100k_p2native200k_headcam/eval_full71_step040000_unipc30/viz/video2motion_t14_S10_20230719_s0_shane_smith_act3_sfxa5j_0.mp4
  /weka/jungbin/cosmos_motion_ft_runs/ja_phase3_bridge_v2m_m2v_native_p1ema100k_p2native200k_headcam/eval_full71_step040000_unipc30/viz/motimg2video_t14_S10_20230719_s0_shane_smith_act3_sfxa5j_0.mp4
  /weka/jungbin/cosmos_motion_ft_runs/ja_phase3_bridge_v2m_m2v_native_p1ema100k_p2native200k_headcam/eval_full71_step040000_unipc30/viz/video2motion_t15_S16_20230926_s1_megan_mejia_act1_bxit2f_180.mp4
  /weka/jungbin/cosmos_motion_ft_runs/ja_phase3_bridge_v2m_m2v_native_p1ema100k_p2native200k_headcam/eval_full71_step040000_unipc30/viz/motimg2video_t15_S16_20230926_s1_megan_mejia_act1_bxit2f_180.mp4
  /weka/jungbin/cosmos_motion_ft_runs/ja_phase3_bridge_v2m_m2v_native_p1ema100k_p2native200k_headcam/eval_full71_step040000_unipc30/viz/video2motion_t16_S02_20231102_s0_samuel_rogers_act0_x6hia4_0.mp4
  /weka/jungbin/cosmos_motion_ft_runs/ja_phase3_bridge_v2m_m2v_native_p1ema100k_p2native200k_headcam/eval_full71_step040000_unipc30/viz/motimg2video_t16_S02_20231102_s0_samuel_rogers_act0_x6hia4_0.mp4
  /weka/jungbin/cosmos_motion_ft_runs/ja_phase3_bridge_v2m_m2v_native_p1ema100k_p2native200k_headcam/eval_full71_step040000_unipc30/viz/video2motion_t17_S05_20230803_s1_jennifer_sexton_act2_s5pwb5_0.mp4
  /weka/jungbin/cosmos_motion_ft_runs/ja_phase3_bridge_v2m_m2v_native_p1ema100k_p2native200k_headcam/eval_full71_step040000_unipc30/viz/motimg2video_t17_S05_20230803_s1_jennifer_sexton_act2_s5pwb5_0.mp4
  /weka/jungbin/cosmos_motion_ft_runs/ja_phase3_bridge_v2m_m2v_native_p1ema100k_p2native200k_headcam/eval_full71_step040000_unipc30/viz/video2motion_t18_S01_20230705_s0_william_davis_act4_h94ovw_0.mp4
  /weka/jungbin/cosmos_motion_ft_runs/ja_phase3_bridge_v2m_m2v_native_p1ema100k_p2native200k_headcam/eval_full71_step040000_unipc30/viz/motimg2video_t18_S01_20230705_s0_william_davis_act4_h94ovw_0.mp4
  /weka/jungbin/cosmos_motion_ft_runs/ja_phase3_bridge_v2m_m2v_native_p1ema100k_p2native200k_headcam/eval_full71_step040000_unipc30/viz/video2motion_t19_S01_20230607_s1_barbara_wheeler_act4_5adv12_100.mp4
  /weka/jungbin/cosmos_motion_ft_runs/ja_phase3_bridge_v2m_m2v_native_p1ema100k_p2native200k_headcam/eval_full71_step040000_unipc30/viz/motimg2video_t19_S01_20230607_s1_barbara_wheeler_act4_5adv12_100.mp4
==============================================================================
[p3hdcmp] COMPLETE output=/weka/jungbin/cosmos_motion_ft_runs/ja_phase3_bridge_v2m_m2v_native_p1ema100k_p2native200k_headcam/eval_full71_step040000_unipc30 date=Sun Jul 19 16:27:06 KST 2026
  [video2motion] MPJPE=0.174 accel_err=0.007
  [video2motion head-camera] trans=0.0102m rot=1.833deg (GT calibration floor=0.0084m/1.759deg)
  [motimg2video] PSNR=16.696 SSIM=0.5069 LPIPS=0.4143
  [motimg2video] video -> /weka/jungbin/cosmos_motion_ft_runs/ja_phase3_bridge_v2m_m2v_native_p1ema100k_p2native200k/eval_full71_step040000_unipc30/viz/motimg2video_t68_S06_20230711_s0_frederick_young_act3_q30n7j_0.mp4

[eval_all] [70/71] t69_S14_20230607_s0_james_johnson_act0_e72nhq_0
  [video2motion] MPJPE=0.214 accel_err=0.007
  [video2motion head-camera] trans=0.0107m rot=1.818deg (GT calibration floor=0.0084m/1.759deg)
  [motimg2video] PSNR=17.256 SSIM=0.5443 LPIPS=0.4478
  [motimg2video] video -> /weka/jungbin/cosmos_motion_ft_runs/ja_phase3_bridge_v2m_m2v_native_p1ema100k_p2native200k/eval_full71_step200000_unipc30/viz/motimg2video_t69_S14_20230607_s0_james_johnson_act0_e72nhq_0.mp4

[eval_all] [71/71] t70_S02_20231110_s0_thomas_brown_act4_x3t73z_200
  [video2motion] MPJPE=0.190 accel_err=0.006
  [video2motion head-camera] trans=0.0069m rot=1.366deg (GT calibration floor=0.0023m/1.091deg)
  [motimg2video] PSNR=17.697 SSIM=0.5452 LPIPS=0.4479
  [motimg2video] video -> /weka/jungbin/cosmos_motion_ft_runs/ja_phase3_bridge_v2m_m2v_native_p1ema100k_p2native200k/eval_full71_step040000_unipc30/viz/motimg2video_t69_S14_20230607_s0_james_johnson_act0_e72nhq_0.mp4

[eval_all] [71/71] t70_S02_20231110_s0_thomas_brown_act4_x3t73z_200
  [video2motion] MPJPE=0.261 accel_err=0.007
  [video2motion head-camera] trans=0.0085m rot=1.589deg (GT calibration floor=0.0023m/1.091deg)
  [motimg2video] PSNR=18.317 SSIM=0.5571 LPIPS=0.4236
  [motimg2video] video -> /weka/jungbin/cosmos_motion_ft_runs/ja_phase3_bridge_v2m_m2v_native_p1ema100k_p2native200k/eval_full71_step200000_unipc30/viz/motimg2video_t70_S02_20231110_s0_thomas_brown_act4_x3t73z_200.mp4

=== motion-recon eval | 71 windows | video2motion | /weka/jungbin/cosmos_motion_ft_runs/ja_phase3_bridge_v2m_m2v_native_p1ema100k_p2native200k/eval_full71_step200000_unipc30 ===
sequence                              mpjpe_m   pa_mpjpe_m     feat_mse    accel_err   accel_pred     accel_gt   root_err_m
---------------------------------------------------------------------------------------------------------------------------
t0_S07_20231013_s0_shelley_jones       0.1252       0.0895       0.3220       0.0079       0.0076       0.0066       0.1110
t10_S11_20230816_s1_jeffery_brya       0.1138       0.0790       0.2518       0.0068       0.0062       0.0057       0.0959
t11_S05_20230817_s1_rebecca_ward       0.4071       0.1469       0.4214       0.0066       0.0050       0.0051       0.4393
t12_S08_20230728_s0_lauren_mayer       0.0917       0.0663       0.2145       0.0035       0.0028       0.0023       0.0774
t13_S12_20231004_s0_corey_colema       2.3453       0.2086       1.6775       0.0103       0.0066       0.0097       2.3397
t14_S10_20230719_s0_shane_smith_       0.1034       0.0932       0.2630       0.0050       0.0043       0.0034       0.0710
t15_S16_20230926_s1_megan_mejia_       0.3097       0.0780       0.3652       0.0076       0.0063       0.0064       0.2811
t16_S02_20231102_s0_samuel_roger       0.1397       0.0784       0.2604       0.0055       0.0044       0.0047       0.1244
t17_S05_20230803_s1_jennifer_sex       0.1920       0.1127       0.3703       0.0049       0.0033       0.0038       0.1469
t18_S01_20230705_s0_william_davi       0.5976       0.0719       0.3495       0.0078       0.0070       0.0076       0.5765
t19_S01_20230607_s1_barbara_whee       0.1847       0.0842       0.2999       0.0060       0.0054       0.0052       0.1810
t1_S12_20230706_s0_breanna_reese       0.2585       0.1842       1.3105       0.0035       0.0030       0.0021       0.1114
t20_S03_20230831_s1_ronald_harri       0.0907       0.0579       0.2152       0.0045       0.0038       0.0041       0.0892
t21_S06_20230707_s1_elizabeth_tu       0.1285       0.0732       0.1724       0.0071       0.0065       0.0077       0.1165
t22_S19_20230926_s1_megan_mejia_       0.3628       0.1256       0.6898       0.0068       0.0046       0.0047       0.3597
t23_S01_20230612_s1_christina_jo       0.1636       0.0575       0.3363       0.0042       0.0032       0.0025       0.1312
t24_S19_20231117_s0_randy_martin       0.2297       0.1710       0.3695       0.0076       0.0056       0.0059       0.1924
t25_S07_20230615_s0_dawn_heath_a       0.1605       0.0712       0.1840       0.0069       0.0066       0.0068       0.1562
t26_S10_20230707_s0_anthony_pere       0.3042       0.0585       0.2103       0.0069       0.0079       0.0074       0.2803
t27_S16_20230925_s0_suzanne_rome       0.2290       0.1308       0.3095       0.0102       0.0068       0.0090       0.2215
t28_S05_20230712_s0_laura_wilson       0.2381       0.0633       0.2127       0.0073       0.0055       0.0071       0.2070
t29_S06_20230801_s0_aimee_davis_       0.1804       0.1588       0.5380       0.0081       0.0065       0.0063       0.1248
t2_S01_20230706_s1_morgan_terrel       0.0756       0.0590       0.1878       0.0057       0.0046       0.0047       0.0662
t30_S16_20230926_s1_megan_mejia_       0.2032       0.1450       0.5667       0.0083       0.0057       0.0064       0.1186
t31_S10_20231117_s0_randy_martin       0.1330       0.1042       0.4205       0.0052       0.0041       0.0035       0.0931
t32_S08_20230703_s0_tommy_ayala_       0.2600       0.1056       0.3531       0.0091       0.0076       0.0072       0.2601
t33_S07_20231004_s1_ashley_reyes       0.1235       0.0857       0.3042       0.0076       0.0056       0.0071       0.1084
t34_S19_20230608_s0_shelby_arroy       0.1982       0.0759       0.3972       0.0066       0.0048       0.0047       0.1511
t35_S05_20230714_s1_jacob_webb_a       0.3039       0.0784       0.2134       0.0068       0.0056       0.0056       0.3030
t36_S01_20230721_s0_mitchell_mcd       0.1211       0.0612       0.3161       0.0059       0.0044       0.0050       0.0893
t37_S17_20230918_s0_kevin_shaw_a       0.1607       0.1012       0.5595       0.0032       0.0023       0.0021       0.1196
t38_S04_20230717_s0_danielle_ort       0.0588       0.0515       0.1154       0.0052       0.0044       0.0044       0.0424
t39_S02_20230908_s0_joel_anderso       0.1468       0.0712       0.2287       0.0050       0.0039       0.0036       0.1329
t3_S19_20230919_s1_jessica_webst       0.7003       0.0474       0.2967       0.0051       0.0041       0.0046       0.6815
t40_S16_20231106_s1_amanda_rodge       0.2260       0.0648       0.1251       0.0065       0.0062       0.0063       0.1982
t41_S12_20230609_s1_heather_beck       0.2448       0.0835       0.3688       0.0060       0.0052       0.0046       0.2097
t42_S08_20230622_s1_sherri_scott       0.1483       0.0499       0.1784       0.0049       0.0039       0.0045       0.1457
t43_S03_20230817_s1_rebecca_ward       0.1673       0.0982       0.4108       0.0058       0.0049       0.0043       0.1399
t44_S19_20231020_s0_anthony_chen       1.3720       0.1429       0.8835       0.0081       0.0075       0.0073       1.3355
t45_S10_20230622_s1_sherri_scott       0.1714       0.0944       0.2812       0.0081       0.0064       0.0069       0.1498
t46_S01_20230822_s0_kyle_parker_       0.1935       0.0852       0.2926       0.0059       0.0047       0.0046       0.1675
t47_S12_20230907_s0_margaret_mcc       0.5235       0.0897       0.1567       0.0075       0.0066       0.0071       0.5035
t48_S14_20230630_s0_gloria_carr_       0.1893       0.0692       0.4366       0.0053       0.0041       0.0043       0.1750
t49_S03_20230906_s0_pam_nelson_a       0.2491       0.1308       0.2108       0.0058       0.0047       0.0040       0.2447
t4_S13_20230717_s0_danielle_orti       0.1375       0.0732       0.2102       0.0055       0.0045       0.0040       0.1033
t50_S02_20230725_s1_julie_taylor       0.0964       0.0870       0.3655       0.0057       0.0044       0.0043       0.0663
t51_S07_20231027_s1_stacie_cross       0.1450       0.0654       0.1494       0.0059       0.0053       0.0049       0.1386
t52_S02_20231106_s0_nancy_david_       0.1512       0.0609       0.1822       0.0053       0.0042       0.0047       0.1352
t53_S16_20230913_s1_austin_lopez       0.1457       0.1276       0.2760       0.0087       0.0071       0.0075       0.1068
t54_S08_20230807_s1_vanessa_chav       0.1479       0.1008       0.4266       0.0058       0.0053       0.0049       0.1056
t55_S10_20230828_s1_omar_patters       0.0754       0.0404       0.1408       0.0037       0.0026       0.0027       0.0703
t56_S05_20230728_s1_bradley_herm       0.0759       0.0664       0.1631       0.0039       0.0032       0.0025       0.0587
t57_S07_20231012_s1_johnathan_go       0.1307       0.0839       0.2260       0.0040       0.0037       0.0025       0.1013
t58_S16_20231003_s1_allen_evans_       0.1353       0.0872       0.1715       0.0044       0.0036       0.0026       0.1130
t59_S09_20230720_s0_robert_balla       0.2044       0.0775       0.1694       0.0081       0.0075       0.0094       0.1846
t5_S02_20231011_s1_daniel_kim_ac       0.1557       0.0570       0.4910       0.0047       0.0035       0.0040       0.1065
t60_S12_20231117_s1_brooke_butle       0.0992       0.0673       0.3785       0.0047       0.0033       0.0038       0.0768
t61_S16_20231017_s0_emily_farmer       0.3161       0.1069       0.4749       0.0054       0.0049       0.0037       0.2725
t62_S17_20230919_s0_andrew_taylo       0.0689       0.0524       0.1699       0.0049       0.0042       0.0038       0.0572
t63_S07_20231121_s1_christopher_       0.1677       0.1094       0.5271       0.0053       0.0047       0.0035       0.1229
t64_S01_20230726_s1_thomas_nixon       0.5955       0.0606       0.3219       0.0079       0.0056       0.0072       0.5986
t65_S13_20230822_s0_kyle_parker_       0.1505       0.0448       0.1617       0.0065       0.0055       0.0059       0.1279
t66_S12_20230612_s0_jason_smith_       0.0989       0.0513       0.0716       0.0043       0.0031       0.0032       0.0942
t67_S12_20230928_s1_barbara_sand       0.0838       0.0430       0.1302       0.0045       0.0038       0.0042       0.0799
t68_S06_20230711_s0_frederick_yo       0.1511       0.0699       0.1635       0.0077       0.0065       0.0073       0.1198
t69_S14_20230607_s0_james_johnso       0.1742       0.1113       0.3797       0.0067       0.0058       0.0051       0.1588
t6_S14_20230726_s1_thomas_nixon_       0.0954       0.0625       0.1859       0.0040       0.0032       0.0030       0.0738
t70_S02_20231110_s0_thomas_brown       0.1901       0.0748       0.2121       0.0065       0.0056       0.0063       0.1624
t7_S02_20230614_s1_matthew_harpe       0.1823       0.0770       0.2478       0.0074       0.0060       0.0067       0.1519
t8_S02_20231003_s1_allen_evans_a       0.0924       0.0691       0.2013       0.0042       0.0035       0.0024       0.0803
t9_S02_20231128_s1_michael_varga       0.1819       0.1176       0.4429       0.0070       0.0064       0.0047       0.1790
---------------------------------------------------------------------------------------------------------------------------
MEAN                                   0.2419       0.0873       0.3336       0.0061       0.0050       0.0051       0.2185
MEDIAN                                 0.1636       0.0780       0.2812       0.0059       0.0049       0.0047       0.1329
guide: mpjpe_m/pa_mpjpe_m/root_err_m/accel_err all lower-better (m); accel_pred vs accel_gt = jitter ratio; feat_mse in z-scored space

=== motion-recon eval | 66 windows | video2motion floor-valid | /weka/jungbin/cosmos_motion_ft_runs/ja_phase3_bridge_v2m_m2v_native_p1ema100k_p2native200k/eval_full71_step200000_unipc30 ===
sequence                              mpjpe_m   pa_mpjpe_m     feat_mse    accel_err   accel_pred     accel_gt   root_err_m
---------------------------------------------------------------------------------------------------------------------------
t0_S07_20231013_s0_shelley_jones       0.1252       0.0895       0.3220       0.0079       0.0076       0.0066       0.1110
t10_S11_20230816_s1_jeffery_brya       0.1138       0.0790       0.2518       0.0068       0.0062       0.0057       0.0959
t11_S05_20230817_s1_rebecca_ward       0.4071       0.1469       0.4214       0.0066       0.0050       0.0051       0.4393
t12_S08_20230728_s0_lauren_mayer       0.0917       0.0663       0.2145       0.0035       0.0028       0.0023       0.0774
t14_S10_20230719_s0_shane_smith_       0.1034       0.0932       0.2630       0.0050       0.0043       0.0034       0.0710
t15_S16_20230926_s1_megan_mejia_       0.3097       0.0780       0.3652       0.0076       0.0063       0.0064       0.2811
t16_S02_20231102_s0_samuel_roger       0.1397       0.0784       0.2604       0.0055       0.0044       0.0047       0.1244
t17_S05_20230803_s1_jennifer_sex       0.1920       0.1127       0.3703       0.0049       0.0033       0.0038       0.1469
t18_S01_20230705_s0_william_davi       0.5976       0.0719       0.3495       0.0078       0.0070       0.0076       0.5765
t19_S01_20230607_s1_barbara_whee       0.1847       0.0842       0.2999       0.0060       0.0054       0.0052       0.1810
t1_S12_20230706_s0_breanna_reese       0.2585       0.1842       1.3105       0.0035       0.0030       0.0021       0.1114
t20_S03_20230831_s1_ronald_harri       0.0907       0.0579       0.2152       0.0045       0.0038       0.0041       0.0892
t21_S06_20230707_s1_elizabeth_tu       0.1285       0.0732       0.1724       0.0071       0.0065       0.0077       0.1165
t22_S19_20230926_s1_megan_mejia_       0.3628       0.1256       0.6898       0.0068       0.0046       0.0047       0.3597
t23_S01_20230612_s1_christina_jo       0.1636       0.0575       0.3363       0.0042       0.0032       0.0025       0.1312
t25_S07_20230615_s0_dawn_heath_a       0.1605       0.0712       0.1840       0.0069       0.0066       0.0068       0.1562
t26_S10_20230707_s0_anthony_pere       0.3042       0.0585       0.2103       0.0069       0.0079       0.0074       0.2803
t27_S16_20230925_s0_suzanne_rome       0.2290       0.1308       0.3095       0.0102       0.0068       0.0090       0.2215
t28_S05_20230712_s0_laura_wilson       0.2381       0.0633       0.2127       0.0073       0.0055       0.0071       0.2070
t29_S06_20230801_s0_aimee_davis_       0.1804       0.1588       0.5380       0.0081       0.0065       0.0063       0.1248
t2_S01_20230706_s1_morgan_terrel       0.0756       0.0590       0.1878       0.0057       0.0046       0.0047       0.0662
t30_S16_20230926_s1_megan_mejia_       0.2032       0.1450       0.5667       0.0083       0.0057       0.0064       0.1186
t31_S10_20231117_s0_randy_martin       0.1330       0.1042       0.4205       0.0052       0.0041       0.0035       0.0931
t32_S08_20230703_s0_tommy_ayala_       0.2600       0.1056       0.3531       0.0091       0.0076       0.0072       0.2601
t33_S07_20231004_s1_ashley_reyes       0.1235       0.0857       0.3042       0.0076       0.0056       0.0071       0.1084
t34_S19_20230608_s0_shelby_arroy       0.1982       0.0759       0.3972       0.0066       0.0048       0.0047       0.1511
t35_S05_20230714_s1_jacob_webb_a       0.3039       0.0784       0.2134       0.0068       0.0056       0.0056       0.3030
t36_S01_20230721_s0_mitchell_mcd       0.1211       0.0612       0.3161       0.0059       0.0044       0.0050       0.0893
t37_S17_20230918_s0_kevin_shaw_a       0.1607       0.1012       0.5595       0.0032       0.0023       0.0021       0.1196
t38_S04_20230717_s0_danielle_ort       0.0588       0.0515       0.1154       0.0052       0.0044       0.0044       0.0424
t39_S02_20230908_s0_joel_anderso       0.1468       0.0712       0.2287       0.0050       0.0039       0.0036       0.1329
t40_S16_20231106_s1_amanda_rodge       0.2260       0.0648       0.1251       0.0065       0.0062       0.0063       0.1982
t41_S12_20230609_s1_heather_beck       0.2448       0.0835       0.3688       0.0060       0.0052       0.0046       0.2097
t42_S08_20230622_s1_sherri_scott       0.1483       0.0499       0.1784       0.0049       0.0039       0.0045       0.1457
t43_S03_20230817_s1_rebecca_ward       0.1673       0.0982       0.4108       0.0058       0.0049       0.0043       0.1399
t45_S10_20230622_s1_sherri_scott       0.1714       0.0944       0.2812       0.0081       0.0064       0.0069       0.1498
t46_S01_20230822_s0_kyle_parker_       0.1935       0.0852       0.2926       0.0059       0.0047       0.0046       0.1675
t47_S12_20230907_s0_margaret_mcc       0.5235       0.0897       0.1567       0.0075       0.0066       0.0071       0.5035
t48_S14_20230630_s0_gloria_carr_       0.1893       0.0692       0.4366       0.0053       0.0041       0.0043       0.1750
t49_S03_20230906_s0_pam_nelson_a       0.2491       0.1308       0.2108       0.0058       0.0047       0.0040       0.2447
t4_S13_20230717_s0_danielle_orti       0.1375       0.0732       0.2102       0.0055       0.0045       0.0040       0.1033
t50_S02_20230725_s1_julie_taylor       0.0964       0.0870       0.3655       0.0057       0.0044       0.0043       0.0663
t51_S07_20231027_s1_stacie_cross       0.1450       0.0654       0.1494       0.0059       0.0053       0.0049       0.1386
t52_S02_20231106_s0_nancy_david_       0.1512       0.0609       0.1822       0.0053       0.0042       0.0047       0.1352
t53_S16_20230913_s1_austin_lopez       0.1457       0.1276       0.2760       0.0087       0.0071       0.0075       0.1068
t54_S08_20230807_s1_vanessa_chav       0.1479       0.1008       0.4266       0.0058       0.0053       0.0049       0.1056
t55_S10_20230828_s1_omar_patters       0.0754       0.0404       0.1408       0.0037       0.0026       0.0027       0.0703
t56_S05_20230728_s1_bradley_herm       0.0759       0.0664       0.1631       0.0039       0.0032       0.0025       0.0587
t57_S07_20231012_s1_johnathan_go       0.1307       0.0839       0.2260       0.0040       0.0037       0.0025       0.1013
t58_S16_20231003_s1_allen_evans_       0.1353       0.0872       0.1715       0.0044       0.0036       0.0026       0.1130
t59_S09_20230720_s0_robert_balla       0.2044       0.0775       0.1694       0.0081       0.0075       0.0094       0.1846
t5_S02_20231011_s1_daniel_kim_ac       0.1557       0.0570       0.4910       0.0047       0.0035       0.0040       0.1065
t60_S12_20231117_s1_brooke_butle       0.0992       0.0673       0.3785       0.0047       0.0033       0.0038       0.0768
t61_S16_20231017_s0_emily_farmer       0.3161       0.1069       0.4749       0.0054       0.0049       0.0037       0.2725
t62_S17_20230919_s0_andrew_taylo       0.0689       0.0524       0.1699       0.0049       0.0042       0.0038       0.0572
t63_S07_20231121_s1_christopher_       0.1677       0.1094       0.5271       0.0053       0.0047       0.0035       0.1229
t65_S13_20230822_s0_kyle_parker_       0.1505       0.0448       0.1617       0.0065       0.0055       0.0059       0.1279
t66_S12_20230612_s0_jason_smith_       0.0989       0.0513       0.0716       0.0043       0.0031       0.0032       0.0942
t67_S12_20230928_s1_barbara_sand       0.0838       0.0430       0.1302       0.0045       0.0038       0.0042       0.0799
t68_S06_20230711_s0_frederick_yo       0.1511       0.0699       0.1635       0.0077       0.0065       0.0073       0.1198
t69_S14_20230607_s0_james_johnso       0.1742       0.1113       0.3797       0.0067       0.0058       0.0051       0.1588
t6_S14_20230726_s1_thomas_nixon_       0.0954       0.0625       0.1859       0.0040       0.0032       0.0030       0.0738
t70_S02_20231110_s0_thomas_brown       0.1901       0.0748       0.2121       0.0065       0.0056       0.0063       0.1624
t7_S02_20230614_s1_matthew_harpe       0.1823       0.0770       0.2478       0.0074       0.0060       0.0067       0.1519
t8_S02_20231003_s1_allen_evans_a       0.0924       0.0691       0.2013       0.0042       0.0035       0.0024       0.0803
t9_S02_20231128_s1_michael_varga       0.1819       0.1176       0.4429       0.0070       0.0064       0.0047       0.1790
---------------------------------------------------------------------------------------------------------------------------
MEAN                                   0.1808       0.0844       0.3051       0.0060       0.0050       0.0050       0.1571
MEDIAN                                 0.1581       0.0777       0.2617       0.0058       0.0048       0.0047       0.1264
guide: mpjpe_m/pa_mpjpe_m/root_err_m/accel_err all lower-better (m); accel_pred vs accel_gt = jitter ratio; feat_mse in z-scored space

==============================================================================
EVAL SUMMARY  |  /weka/jungbin/cosmos_motion_ft_runs/ja_phase3_bridge_v2m_m2v_native_p1ema100k_p2native200k/eval_full71_step200000_unipc30
==============================================================================
video2motion      MPJPE=0.242m  PA-MPJPE=0.087m  accel_err=0.006  (pred/gt jitter=1.0x)
v2m head-camera   trans=0.0064m  rot=1.295deg  GT-floor=0.0047m/1.256deg
motimg2video      71 clips generated
motimg2video      PSNR=16.656dB  SSIM=0.5224  LPIPS=0.3872

viz files written (142):
  /weka/jungbin/cosmos_motion_ft_runs/ja_phase3_bridge_v2m_m2v_native_p1ema100k_p2native200k/eval_full71_step200000_unipc30/viz/video2motion_t0_S07_20231013_s0_shelley_jones_act3_w23p1b_0.mp4
  /weka/jungbin/cosmos_motion_ft_runs/ja_phase3_bridge_v2m_m2v_native_p1ema100k_p2native200k/eval_full71_step200000_unipc30/viz/motimg2video_t0_S07_20231013_s0_shelley_jones_act3_w23p1b_0.mp4
  /weka/jungbin/cosmos_motion_ft_runs/ja_phase3_bridge_v2m_m2v_native_p1ema100k_p2native200k/eval_full71_step200000_unipc30/viz/video2motion_t1_S12_20230706_s0_breanna_reese_act0_cfg468_0.mp4
  /weka/jungbin/cosmos_motion_ft_runs/ja_phase3_bridge_v2m_m2v_native_p1ema100k_p2native200k/eval_full71_step200000_unipc30/viz/motimg2video_t1_S12_20230706_s0_breanna_reese_act0_cfg468_0.mp4
  /weka/jungbin/cosmos_motion_ft_runs/ja_phase3_bridge_v2m_m2v_native_p1ema100k_p2native200k/eval_full71_step200000_unipc30/viz/video2motion_t2_S01_20230706_s1_morgan_terrell_act3_9ops7e_0.mp4
  /weka/jungbin/cosmos_motion_ft_runs/ja_phase3_bridge_v2m_m2v_native_p1ema100k_p2native200k/eval_full71_step200000_unipc30/viz/motimg2video_t2_S01_20230706_s1_morgan_terrell_act3_9ops7e_0.mp4
  /weka/jungbin/cosmos_motion_ft_runs/ja_phase3_bridge_v2m_m2v_native_p1ema100k_p2native200k/eval_full71_step200000_unipc30/viz/video2motion_t3_S19_20230919_s1_jessica_webster_act3_sry5zc_0.mp4
  /weka/jungbin/cosmos_motion_ft_runs/ja_phase3_bridge_v2m_m2v_native_p1ema100k_p2native200k/eval_full71_step200000_unipc30/viz/motimg2video_t3_S19_20230919_s1_jessica_webster_act3_sry5zc_0.mp4
  /weka/jungbin/cosmos_motion_ft_runs/ja_phase3_bridge_v2m_m2v_native_p1ema100k_p2native200k/eval_full71_step200000_unipc30/viz/video2motion_t4_S13_20230717_s0_danielle_ortiz_act1_kn2tq7_0.mp4
  /weka/jungbin/cosmos_motion_ft_runs/ja_phase3_bridge_v2m_m2v_native_p1ema100k_p2native200k/eval_full71_step200000_unipc30/viz/motimg2video_t4_S13_20230717_s0_danielle_ortiz_act1_kn2tq7_0.mp4
  /weka/jungbin/cosmos_motion_ft_runs/ja_phase3_bridge_v2m_m2v_native_p1ema100k_p2native200k/eval_full71_step200000_unipc30/viz/video2motion_t5_S02_20231011_s1_daniel_kim_act2_6lxp22_101.mp4
  /weka/jungbin/cosmos_motion_ft_runs/ja_phase3_bridge_v2m_m2v_native_p1ema100k_p2native200k/eval_full71_step200000_unipc30/viz/motimg2video_t5_S02_20231011_s1_daniel_kim_act2_6lxp22_101.mp4
  /weka/jungbin/cosmos_motion_ft_runs/ja_phase3_bridge_v2m_m2v_native_p1ema100k_p2native200k/eval_full71_step200000_unipc30/viz/video2motion_t6_S14_20230726_s1_thomas_nixon_act1_k0zomm_0.mp4
  /weka/jungbin/cosmos_motion_ft_runs/ja_phase3_bridge_v2m_m2v_native_p1ema100k_p2native200k/eval_full71_step200000_unipc30/viz/motimg2video_t6_S14_20230726_s1_thomas_nixon_act1_k0zomm_0.mp4
  /weka/jungbin/cosmos_motion_ft_runs/ja_phase3_bridge_v2m_m2v_native_p1ema100k_p2native200k/eval_full71_step200000_unipc30/viz/video2motion_t7_S02_20230614_s1_matthew_harper_act1_cimupu_0.mp4
  /weka/jungbin/cosmos_motion_ft_runs/ja_phase3_bridge_v2m_m2v_native_p1ema100k_p2native200k/eval_full71_step200000_unipc30/viz/motimg2video_t7_S02_20230614_s1_matthew_harper_act1_cimupu_0.mp4
  /weka/jungbin/cosmos_motion_ft_runs/ja_phase3_bridge_v2m_m2v_native_p1ema100k_p2native200k/eval_full71_step200000_unipc30/viz/video2motion_t8_S02_20231003_s1_allen_evans_act0_1w2b7b_0.mp4
  /weka/jungbin/cosmos_motion_ft_runs/ja_phase3_bridge_v2m_m2v_native_p1ema100k_p2native200k/eval_full71_step200000_unipc30/viz/motimg2video_t8_S02_20231003_s1_allen_evans_act0_1w2b7b_0.mp4
  /weka/jungbin/cosmos_motion_ft_runs/ja_phase3_bridge_v2m_m2v_native_p1ema100k_p2native200k/eval_full71_step200000_unipc30/viz/video2motion_t9_S02_20231128_s1_michael_vargas_act0_yvskcx_0.mp4
  /weka/jungbin/cosmos_motion_ft_runs/ja_phase3_bridge_v2m_m2v_native_p1ema100k_p2native200k/eval_full71_step200000_unipc30/viz/motimg2video_t9_S02_20231128_s1_michael_vargas_act0_yvskcx_0.mp4
  /weka/jungbin/cosmos_motion_ft_runs/ja_phase3_bridge_v2m_m2v_native_p1ema100k_p2native200k/eval_full71_step200000_unipc30/viz/video2motion_t10_S11_20230816_s1_jeffery_bryant_act1_2a6fxu_0.mp4
  /weka/jungbin/cosmos_motion_ft_runs/ja_phase3_bridge_v2m_m2v_native_p1ema100k_p2native200k/eval_full71_step200000_unipc30/viz/motimg2video_t10_S11_20230816_s1_jeffery_bryant_act1_2a6fxu_0.mp4
  /weka/jungbin/cosmos_motion_ft_runs/ja_phase3_bridge_v2m_m2v_native_p1ema100k_p2native200k/eval_full71_step200000_unipc30/viz/video2motion_t11_S05_20230817_s1_rebecca_ward_act2_39a7o2_200.mp4
  /weka/jungbin/cosmos_motion_ft_runs/ja_phase3_bridge_v2m_m2v_native_p1ema100k_p2native200k/eval_full71_step200000_unipc30/viz/motimg2video_t11_S05_20230817_s1_rebecca_ward_act2_39a7o2_200.mp4
  /weka/jungbin/cosmos_motion_ft_runs/ja_phase3_bridge_v2m_m2v_native_p1ema100k_p2native200k/eval_full71_step200000_unipc30/viz/video2motion_t12_S08_20230728_s0_lauren_mayer_act0_wv6a30_0.mp4
  /weka/jungbin/cosmos_motion_ft_runs/ja_phase3_bridge_v2m_m2v_native_p1ema100k_p2native200k/eval_full71_step200000_unipc30/viz/motimg2video_t12_S08_20230728_s0_lauren_mayer_act0_wv6a30_0.mp4
  /weka/jungbin/cosmos_motion_ft_runs/ja_phase3_bridge_v2m_m2v_native_p1ema100k_p2native200k/eval_full71_step200000_unipc30/viz/video2motion_t13_S12_20231004_s0_corey_coleman_act3_45q7f3_0.mp4
  /weka/jungbin/cosmos_motion_ft_runs/ja_phase3_bridge_v2m_m2v_native_p1ema100k_p2native200k/eval_full71_step200000_unipc30/viz/motimg2video_t13_S12_20231004_s0_corey_coleman_act3_45q7f3_0.mp4
  /weka/jungbin/cosmos_motion_ft_runs/ja_phase3_bridge_v2m_m2v_native_p1ema100k_p2native200k/eval_full71_step200000_unipc30/viz/video2motion_t14_S10_20230719_s0_shane_smith_act3_sfxa5j_0.mp4
  /weka/jungbin/cosmos_motion_ft_runs/ja_phase3_bridge_v2m_m2v_native_p1ema100k_p2native200k/eval_full71_step200000_unipc30/viz/motimg2video_t14_S10_20230719_s0_shane_smith_act3_sfxa5j_0.mp4
  /weka/jungbin/cosmos_motion_ft_runs/ja_phase3_bridge_v2m_m2v_native_p1ema100k_p2native200k/eval_full71_step200000_unipc30/viz/video2motion_t15_S16_20230926_s1_megan_mejia_act1_bxit2f_180.mp4
  /weka/jungbin/cosmos_motion_ft_runs/ja_phase3_bridge_v2m_m2v_native_p1ema100k_p2native200k/eval_full71_step200000_unipc30/viz/motimg2video_t15_S16_20230926_s1_megan_mejia_act1_bxit2f_180.mp4
  /weka/jungbin/cosmos_motion_ft_runs/ja_phase3_bridge_v2m_m2v_native_p1ema100k_p2native200k/eval_full71_step200000_unipc30/viz/video2motion_t16_S02_20231102_s0_samuel_rogers_act0_x6hia4_0.mp4
  /weka/jungbin/cosmos_motion_ft_runs/ja_phase3_bridge_v2m_m2v_native_p1ema100k_p2native200k/eval_full71_step200000_unipc30/viz/motimg2video_t16_S02_20231102_s0_samuel_rogers_act0_x6hia4_0.mp4
  /weka/jungbin/cosmos_motion_ft_runs/ja_phase3_bridge_v2m_m2v_native_p1ema100k_p2native200k/eval_full71_step200000_unipc30/viz/video2motion_t17_S05_20230803_s1_jennifer_sexton_act2_s5pwb5_0.mp4
  /weka/jungbin/cosmos_motion_ft_runs/ja_phase3_bridge_v2m_m2v_native_p1ema100k_p2native200k/eval_full71_step200000_unipc30/viz/motimg2video_t17_S05_20230803_s1_jennifer_sexton_act2_s5pwb5_0.mp4
  /weka/jungbin/cosmos_motion_ft_runs/ja_phase3_bridge_v2m_m2v_native_p1ema100k_p2native200k/eval_full71_step200000_unipc30/viz/video2motion_t18_S01_20230705_s0_william_davis_act4_h94ovw_0.mp4
  /weka/jungbin/cosmos_motion_ft_runs/ja_phase3_bridge_v2m_m2v_native_p1ema100k_p2native200k/eval_full71_step200000_unipc30/viz/motimg2video_t18_S01_20230705_s0_william_davis_act4_h94ovw_0.mp4
  /weka/jungbin/cosmos_motion_ft_runs/ja_phase3_bridge_v2m_m2v_native_p1ema100k_p2native200k/eval_full71_step200000_unipc30/viz/video2motion_t19_S01_20230607_s1_barbara_wheeler_act4_5adv12_100.mp4
  /weka/jungbin/cosmos_motion_ft_runs/ja_phase3_bridge_v2m_m2v_native_p1ema100k_p2native200k/eval_full71_step200000_unipc30/viz/motimg2video_t19_S01_20230607_s1_barbara_wheeler_act4_5adv12_100.mp4
==============================================================================
[p3hdcmp] COMPLETE output=/weka/jungbin/cosmos_motion_ft_runs/ja_phase3_bridge_v2m_m2v_native_p1ema100k_p2native200k/eval_full71_step200000_unipc30 date=Sun Jul 19 16:28:42 KST 2026
  [motimg2video] PSNR=17.938 SSIM=0.5246 LPIPS=0.4729
  [motimg2video] video -> /weka/jungbin/cosmos_motion_ft_runs/ja_phase3_bridge_v2m_m2v_native_p1ema100k_p2native200k/eval_full71_step040000_unipc30/viz/motimg2video_t70_S02_20231110_s0_thomas_brown_act4_x3t73z_200.mp4

=== motion-recon eval | 71 windows | video2motion | /weka/jungbin/cosmos_motion_ft_runs/ja_phase3_bridge_v2m_m2v_native_p1ema100k_p2native200k/eval_full71_step040000_unipc30 ===
sequence                              mpjpe_m   pa_mpjpe_m     feat_mse    accel_err   accel_pred     accel_gt   root_err_m
---------------------------------------------------------------------------------------------------------------------------
t0_S07_20231013_s0_shelley_jones       0.1260       0.1064       0.4051       0.0080       0.0071       0.0066       0.0804
t10_S11_20230816_s1_jeffery_brya       0.0933       0.0863       0.2530       0.0070       0.0061       0.0057       0.0686
t11_S05_20230817_s1_rebecca_ward       0.4289       0.1178       0.4909       0.0069       0.0053       0.0051       0.4576
t12_S08_20230728_s0_lauren_mayer       0.0922       0.0748       0.2159       0.0038       0.0030       0.0023       0.0737
t13_S12_20231004_s0_corey_colema       2.3213       0.2086       1.6669       0.0106       0.0070       0.0097       2.3148
t14_S10_20230719_s0_shane_smith_       0.1120       0.1016       0.2499       0.0051       0.0044       0.0034       0.0918
t15_S16_20230926_s1_megan_mejia_       0.2122       0.1656       0.4972       0.0085       0.0072       0.0064       0.1463
t16_S02_20231102_s0_samuel_roger       0.1759       0.0892       0.3605       0.0063       0.0049       0.0047       0.1621
t17_S05_20230803_s1_jennifer_sex       0.1930       0.1390       0.5119       0.0049       0.0033       0.0038       0.1630
t18_S01_20230705_s0_william_davi       0.6203       0.1106       0.3660       0.0079       0.0064       0.0076       0.5976
t19_S01_20230607_s1_barbara_whee       0.2546       0.1190       0.3286       0.0063       0.0055       0.0052       0.2496
t1_S12_20230706_s0_breanna_reese       0.2528       0.1874       1.3518       0.0041       0.0036       0.0021       0.0858
t20_S03_20230831_s1_ronald_harri       0.0901       0.0653       0.2334       0.0044       0.0037       0.0041       0.0774
t21_S06_20230707_s1_elizabeth_tu       0.1718       0.0985       0.2247       0.0075       0.0066       0.0077       0.1537
t22_S19_20230926_s1_megan_mejia_       0.3592       0.1506       0.6926       0.0071       0.0050       0.0047       0.3332
t23_S01_20230612_s1_christina_jo       0.1664       0.0652       0.3432       0.0041       0.0031       0.0025       0.1250
t24_S19_20231117_s0_randy_martin       0.2056       0.1836       0.4018       0.0078       0.0053       0.0059       0.1809
t25_S07_20230615_s0_dawn_heath_a       0.2223       0.0847       0.2223       0.0070       0.0064       0.0068       0.2213
t26_S10_20230707_s0_anthony_pere       0.2268       0.0753       0.2925       0.0076       0.0080       0.0074       0.1990
t27_S16_20230925_s0_suzanne_rome       0.3597       0.2074       0.3821       0.0100       0.0063       0.0090       0.3581
t28_S05_20230712_s0_laura_wilson       0.1691       0.0662       0.2024       0.0075       0.0057       0.0071       0.1527
t29_S06_20230801_s0_aimee_davis_       0.2210       0.1780       0.6117       0.0079       0.0061       0.0063       0.1628
t2_S01_20230706_s1_morgan_terrel       0.0740       0.0629       0.2101       0.0057       0.0046       0.0047       0.0617
t30_S16_20230926_s1_megan_mejia_       0.2475       0.1547       0.5846       0.0080       0.0052       0.0064       0.1706
t31_S10_20231117_s0_randy_martin       0.1222       0.1081       0.4247       0.0054       0.0042       0.0035       0.0703
t32_S08_20230703_s0_tommy_ayala_       0.2234       0.0958       0.3570       0.0087       0.0071       0.0072       0.2166
t33_S07_20231004_s1_ashley_reyes       0.1691       0.1046       0.3834       0.0077       0.0058       0.0071       0.1505
t34_S19_20230608_s0_shelby_arroy       0.2092       0.1168       0.4112       0.0068       0.0050       0.0047       0.1694
t35_S05_20230714_s1_jacob_webb_a       0.3550       0.1200       0.3370       0.0071       0.0056       0.0056       0.3567
t36_S01_20230721_s0_mitchell_mcd       0.1154       0.0847       0.4904       0.0062       0.0049       0.0050       0.0843
t37_S17_20230918_s0_kevin_shaw_a       0.1396       0.0993       0.4313       0.0032       0.0023       0.0021       0.1075
t38_S04_20230717_s0_danielle_ort       0.1189       0.0669       0.1492       0.0057       0.0052       0.0044       0.1071
t39_S02_20230908_s0_joel_anderso       0.1869       0.0855       0.3545       0.0053       0.0042       0.0036       0.1762
t3_S19_20230919_s1_jessica_webst       0.7102       0.0546       0.2951       0.0050       0.0041       0.0046       0.6888
t40_S16_20231106_s1_amanda_rodge       0.2533       0.0821       0.1978       0.0067       0.0066       0.0063       0.2297
t41_S12_20230609_s1_heather_beck       0.2178       0.0839       0.3660       0.0059       0.0051       0.0046       0.1924
t42_S08_20230622_s1_sherri_scott       0.1511       0.0519       0.1606       0.0052       0.0039       0.0045       0.1494
t43_S03_20230817_s1_rebecca_ward       0.1604       0.1117       0.3431       0.0060       0.0044       0.0043       0.1342
t44_S19_20231020_s0_anthony_chen       1.3605       0.1567       0.9351       0.0083       0.0071       0.0073       1.3152
t45_S10_20230622_s1_sherri_scott       0.2414       0.1283       0.3348       0.0084       0.0064       0.0069       0.2131
t46_S01_20230822_s0_kyle_parker_       0.1781       0.1019       0.2817       0.0057       0.0044       0.0046       0.1494
t47_S12_20230907_s0_margaret_mcc       0.6681       0.1004       0.1863       0.0077       0.0066       0.0071       0.6420
t48_S14_20230630_s0_gloria_carr_       0.2119       0.0870       0.5552       0.0054       0.0039       0.0043       0.1980
t49_S03_20230906_s0_pam_nelson_a       0.1495       0.0908       0.2114       0.0058       0.0048       0.0040       0.1385
t4_S13_20230717_s0_danielle_orti       0.1350       0.0724       0.2212       0.0055       0.0044       0.0040       0.1024
t50_S02_20230725_s1_julie_taylor       0.1138       0.0932       0.3591       0.0057       0.0043       0.0043       0.0797
t51_S07_20231027_s1_stacie_cross       0.1459       0.1096       0.2066       0.0061       0.0050       0.0049       0.1311
t52_S02_20231106_s0_nancy_david_       0.1922       0.0737       0.1792       0.0054       0.0041       0.0047       0.1708
t53_S16_20230913_s1_austin_lopez       0.2134       0.1933       0.3010       0.0096       0.0081       0.0075       0.2025
t54_S08_20230807_s1_vanessa_chav       0.1428       0.1122       0.4324       0.0060       0.0055       0.0049       0.0966
t55_S10_20230828_s1_omar_patters       0.1210       0.0589       0.1591       0.0037       0.0027       0.0027       0.1179
t56_S05_20230728_s1_bradley_herm       0.1416       0.0953       0.2598       0.0044       0.0036       0.0025       0.1183
t57_S07_20231012_s1_johnathan_go       0.1431       0.0949       0.2558       0.0045       0.0041       0.0025       0.1123
t58_S16_20231003_s1_allen_evans_       0.1796       0.0923       0.2164       0.0048       0.0041       0.0026       0.1501
t59_S09_20230720_s0_robert_balla       0.2067       0.1042       0.2001       0.0089       0.0075       0.0094       0.1959
t5_S02_20231011_s1_daniel_kim_ac       0.1802       0.0653       0.6090       0.0048       0.0035       0.0040       0.1255
t60_S12_20231117_s1_brooke_butle       0.1622       0.0999       0.6013       0.0051       0.0035       0.0038       0.1174
t61_S16_20231017_s0_emily_farmer       0.2966       0.1265       0.4884       0.0053       0.0048       0.0037       0.2283
t62_S17_20230919_s0_andrew_taylo       0.0914       0.0670       0.1882       0.0051       0.0043       0.0038       0.0838
t63_S07_20231121_s1_christopher_       0.1906       0.1293       0.5670       0.0052       0.0045       0.0035       0.1666
t64_S01_20230726_s1_thomas_nixon       0.6028       0.0802       0.3242       0.0083       0.0060       0.0072       0.6030
t65_S13_20230822_s0_kyle_parker_       0.1702       0.0709       0.1915       0.0067       0.0057       0.0059       0.1691
t66_S12_20230612_s0_jason_smith_       0.1296       0.0601       0.1207       0.0043       0.0032       0.0032       0.1246
t67_S12_20230928_s1_barbara_sand       0.0715       0.0524       0.1527       0.0047       0.0039       0.0042       0.0549
t68_S06_20230711_s0_frederick_yo       0.1274       0.0734       0.1567       0.0080       0.0067       0.0073       0.1091
t69_S14_20230607_s0_james_johnso       0.2144       0.1208       0.3565       0.0072       0.0062       0.0051       0.2026
t6_S14_20230726_s1_thomas_nixon_       0.1028       0.0874       0.2037       0.0043       0.0034       0.0030       0.0840
t70_S02_20231110_s0_thomas_brown       0.2615       0.0997       0.2997       0.0067       0.0056       0.0063       0.2268
t7_S02_20230614_s1_matthew_harpe       0.1634       0.0755       0.2764       0.0074       0.0056       0.0067       0.1287
t8_S02_20231003_s1_allen_evans_a       0.1097       0.0843       0.2232       0.0045       0.0038       0.0024       0.0973
t9_S02_20231128_s1_michael_varga       0.2761       0.1662       0.5650       0.0071       0.0062       0.0047       0.2762
---------------------------------------------------------------------------------------------------------------------------
MEAN                                   0.2567       0.1041       0.3721       0.0063       0.0051       0.0051       0.2317
MEDIAN                                 0.1796       0.0958       0.3286       0.0061       0.0050       0.0047       0.1527
guide: mpjpe_m/pa_mpjpe_m/root_err_m/accel_err all lower-better (m); accel_pred vs accel_gt = jitter ratio; feat_mse in z-scored space

=== motion-recon eval | 66 windows | video2motion floor-valid | /weka/jungbin/cosmos_motion_ft_runs/ja_phase3_bridge_v2m_m2v_native_p1ema100k_p2native200k/eval_full71_step040000_unipc30 ===
sequence                              mpjpe_m   pa_mpjpe_m     feat_mse    accel_err   accel_pred     accel_gt   root_err_m
---------------------------------------------------------------------------------------------------------------------------
t0_S07_20231013_s0_shelley_jones       0.1260       0.1064       0.4051       0.0080       0.0071       0.0066       0.0804
t10_S11_20230816_s1_jeffery_brya       0.0933       0.0863       0.2530       0.0070       0.0061       0.0057       0.0686
t11_S05_20230817_s1_rebecca_ward       0.4289       0.1178       0.4909       0.0069       0.0053       0.0051       0.4576
t12_S08_20230728_s0_lauren_mayer       0.0922       0.0748       0.2159       0.0038       0.0030       0.0023       0.0737
t14_S10_20230719_s0_shane_smith_       0.1120       0.1016       0.2499       0.0051       0.0044       0.0034       0.0918
t15_S16_20230926_s1_megan_mejia_       0.2122       0.1656       0.4972       0.0085       0.0072       0.0064       0.1463
t16_S02_20231102_s0_samuel_roger       0.1759       0.0892       0.3605       0.0063       0.0049       0.0047       0.1621
t17_S05_20230803_s1_jennifer_sex       0.1930       0.1390       0.5119       0.0049       0.0033       0.0038       0.1630
t18_S01_20230705_s0_william_davi       0.6203       0.1106       0.3660       0.0079       0.0064       0.0076       0.5976
t19_S01_20230607_s1_barbara_whee       0.2546       0.1190       0.3286       0.0063       0.0055       0.0052       0.2496
t1_S12_20230706_s0_breanna_reese       0.2528       0.1874       1.3518       0.0041       0.0036       0.0021       0.0858
t20_S03_20230831_s1_ronald_harri       0.0901       0.0653       0.2334       0.0044       0.0037       0.0041       0.0774
t21_S06_20230707_s1_elizabeth_tu       0.1718       0.0985       0.2247       0.0075       0.0066       0.0077       0.1537
t22_S19_20230926_s1_megan_mejia_       0.3592       0.1506       0.6926       0.0071       0.0050       0.0047       0.3332
t23_S01_20230612_s1_christina_jo       0.1664       0.0652       0.3432       0.0041       0.0031       0.0025       0.1250
t25_S07_20230615_s0_dawn_heath_a       0.2223       0.0847       0.2223       0.0070       0.0064       0.0068       0.2213
t26_S10_20230707_s0_anthony_pere       0.2268       0.0753       0.2925       0.0076       0.0080       0.0074       0.1990
t27_S16_20230925_s0_suzanne_rome       0.3597       0.2074       0.3821       0.0100       0.0063       0.0090       0.3581
t28_S05_20230712_s0_laura_wilson       0.1691       0.0662       0.2024       0.0075       0.0057       0.0071       0.1527
t29_S06_20230801_s0_aimee_davis_       0.2210       0.1780       0.6117       0.0079       0.0061       0.0063       0.1628
t2_S01_20230706_s1_morgan_terrel       0.0740       0.0629       0.2101       0.0057       0.0046       0.0047       0.0617
t30_S16_20230926_s1_megan_mejia_       0.2475       0.1547       0.5846       0.0080       0.0052       0.0064       0.1706
t31_S10_20231117_s0_randy_martin       0.1222       0.1081       0.4247       0.0054       0.0042       0.0035       0.0703
t32_S08_20230703_s0_tommy_ayala_       0.2234       0.0958       0.3570       0.0087       0.0071       0.0072       0.2166
t33_S07_20231004_s1_ashley_reyes       0.1691       0.1046       0.3834       0.0077       0.0058       0.0071       0.1505
t34_S19_20230608_s0_shelby_arroy       0.2092       0.1168       0.4112       0.0068       0.0050       0.0047       0.1694
t35_S05_20230714_s1_jacob_webb_a       0.3550       0.1200       0.3370       0.0071       0.0056       0.0056       0.3567
t36_S01_20230721_s0_mitchell_mcd       0.1154       0.0847       0.4904       0.0062       0.0049       0.0050       0.0843
t37_S17_20230918_s0_kevin_shaw_a       0.1396       0.0993       0.4313       0.0032       0.0023       0.0021       0.1075
t38_S04_20230717_s0_danielle_ort       0.1189       0.0669       0.1492       0.0057       0.0052       0.0044       0.1071
t39_S02_20230908_s0_joel_anderso       0.1869       0.0855       0.3545       0.0053       0.0042       0.0036       0.1762
t40_S16_20231106_s1_amanda_rodge       0.2533       0.0821       0.1978       0.0067       0.0066       0.0063       0.2297
t41_S12_20230609_s1_heather_beck       0.2178       0.0839       0.3660       0.0059       0.0051       0.0046       0.1924
t42_S08_20230622_s1_sherri_scott       0.1511       0.0519       0.1606       0.0052       0.0039       0.0045       0.1494
t43_S03_20230817_s1_rebecca_ward       0.1604       0.1117       0.3431       0.0060       0.0044       0.0043       0.1342
t45_S10_20230622_s1_sherri_scott       0.2414       0.1283       0.3348       0.0084       0.0064       0.0069       0.2131
t46_S01_20230822_s0_kyle_parker_       0.1781       0.1019       0.2817       0.0057       0.0044       0.0046       0.1494
t47_S12_20230907_s0_margaret_mcc       0.6681       0.1004       0.1863       0.0077       0.0066       0.0071       0.6420
t48_S14_20230630_s0_gloria_carr_       0.2119       0.0870       0.5552       0.0054       0.0039       0.0043       0.1980
t49_S03_20230906_s0_pam_nelson_a       0.1495       0.0908       0.2114       0.0058       0.0048       0.0040       0.1385
t4_S13_20230717_s0_danielle_orti       0.1350       0.0724       0.2212       0.0055       0.0044       0.0040       0.1024
t50_S02_20230725_s1_julie_taylor       0.1138       0.0932       0.3591       0.0057       0.0043       0.0043       0.0797
t51_S07_20231027_s1_stacie_cross       0.1459       0.1096       0.2066       0.0061       0.0050       0.0049       0.1311
t52_S02_20231106_s0_nancy_david_       0.1922       0.0737       0.1792       0.0054       0.0041       0.0047       0.1708
t53_S16_20230913_s1_austin_lopez       0.2134       0.1933       0.3010       0.0096       0.0081       0.0075       0.2025
t54_S08_20230807_s1_vanessa_chav       0.1428       0.1122       0.4324       0.0060       0.0055       0.0049       0.0966
t55_S10_20230828_s1_omar_patters       0.1210       0.0589       0.1591       0.0037       0.0027       0.0027       0.1179
t56_S05_20230728_s1_bradley_herm       0.1416       0.0953       0.2598       0.0044       0.0036       0.0025       0.1183
t57_S07_20231012_s1_johnathan_go       0.1431       0.0949       0.2558       0.0045       0.0041       0.0025       0.1123
t58_S16_20231003_s1_allen_evans_       0.1796       0.0923       0.2164       0.0048       0.0041       0.0026       0.1501
t59_S09_20230720_s0_robert_balla       0.2067       0.1042       0.2001       0.0089       0.0075       0.0094       0.1959
t5_S02_20231011_s1_daniel_kim_ac       0.1802       0.0653       0.6090       0.0048       0.0035       0.0040       0.1255
t60_S12_20231117_s1_brooke_butle       0.1622       0.0999       0.6013       0.0051       0.0035       0.0038       0.1174
t61_S16_20231017_s0_emily_farmer       0.2966       0.1265       0.4884       0.0053       0.0048       0.0037       0.2283
t62_S17_20230919_s0_andrew_taylo       0.0914       0.0670       0.1882       0.0051       0.0043       0.0038       0.0838
t63_S07_20231121_s1_christopher_       0.1906       0.1293       0.5670       0.0052       0.0045       0.0035       0.1666
t65_S13_20230822_s0_kyle_parker_       0.1702       0.0709       0.1915       0.0067       0.0057       0.0059       0.1691
t66_S12_20230612_s0_jason_smith_       0.1296       0.0601       0.1207       0.0043       0.0032       0.0032       0.1246
t67_S12_20230928_s1_barbara_sand       0.0715       0.0524       0.1527       0.0047       0.0039       0.0042       0.0549
t68_S06_20230711_s0_frederick_yo       0.1274       0.0734       0.1567       0.0080       0.0067       0.0073       0.1091
t69_S14_20230607_s0_james_johnso       0.2144       0.1208       0.3565       0.0072       0.0062       0.0051       0.2026
t6_S14_20230726_s1_thomas_nixon_       0.1028       0.0874       0.2037       0.0043       0.0034       0.0030       0.0840
t70_S02_20231110_s0_thomas_brown       0.2615       0.0997       0.2997       0.0067       0.0056       0.0063       0.2268
t7_S02_20230614_s1_matthew_harpe       0.1634       0.0755       0.2764       0.0074       0.0056       0.0067       0.1287
t8_S02_20231003_s1_allen_evans_a       0.1097       0.0843       0.2232       0.0045       0.0038       0.0024       0.0973
t9_S02_20231128_s1_michael_varga       0.2761       0.1662       0.5650       0.0071       0.0062       0.0047       0.2762
---------------------------------------------------------------------------------------------------------------------------
MEAN                                   0.1973       0.1016       0.3454       0.0062       0.0050       0.0050       0.1720
MEDIAN                                 0.1738       0.0956       0.3148       0.0060       0.0049       0.0047       0.1498
guide: mpjpe_m/pa_mpjpe_m/root_err_m/accel_err all lower-better (m); accel_pred vs accel_gt = jitter ratio; feat_mse in z-scored space

==============================================================================
EVAL SUMMARY  |  /weka/jungbin/cosmos_motion_ft_runs/ja_phase3_bridge_v2m_m2v_native_p1ema100k_p2native200k/eval_full71_step040000_unipc30
==============================================================================
video2motion      MPJPE=0.257m  PA-MPJPE=0.104m  accel_err=0.006  (pred/gt jitter=1.0x)
v2m head-camera   trans=0.0072m  rot=1.377deg  GT-floor=0.0047m/1.256deg
motimg2video      71 clips generated
motimg2video      PSNR=15.851dB  SSIM=0.5027  LPIPS=0.4413

viz files written (142):
  /weka/jungbin/cosmos_motion_ft_runs/ja_phase3_bridge_v2m_m2v_native_p1ema100k_p2native200k/eval_full71_step040000_unipc30/viz/video2motion_t0_S07_20231013_s0_shelley_jones_act3_w23p1b_0.mp4
  /weka/jungbin/cosmos_motion_ft_runs/ja_phase3_bridge_v2m_m2v_native_p1ema100k_p2native200k/eval_full71_step040000_unipc30/viz/motimg2video_t0_S07_20231013_s0_shelley_jones_act3_w23p1b_0.mp4
  /weka/jungbin/cosmos_motion_ft_runs/ja_phase3_bridge_v2m_m2v_native_p1ema100k_p2native200k/eval_full71_step040000_unipc30/viz/video2motion_t1_S12_20230706_s0_breanna_reese_act0_cfg468_0.mp4
  /weka/jungbin/cosmos_motion_ft_runs/ja_phase3_bridge_v2m_m2v_native_p1ema100k_p2native200k/eval_full71_step040000_unipc30/viz/motimg2video_t1_S12_20230706_s0_breanna_reese_act0_cfg468_0.mp4
  /weka/jungbin/cosmos_motion_ft_runs/ja_phase3_bridge_v2m_m2v_native_p1ema100k_p2native200k/eval_full71_step040000_unipc30/viz/video2motion_t2_S01_20230706_s1_morgan_terrell_act3_9ops7e_0.mp4
  /weka/jungbin/cosmos_motion_ft_runs/ja_phase3_bridge_v2m_m2v_native_p1ema100k_p2native200k/eval_full71_step040000_unipc30/viz/motimg2video_t2_S01_20230706_s1_morgan_terrell_act3_9ops7e_0.mp4
  /weka/jungbin/cosmos_motion_ft_runs/ja_phase3_bridge_v2m_m2v_native_p1ema100k_p2native200k/eval_full71_step040000_unipc30/viz/video2motion_t3_S19_20230919_s1_jessica_webster_act3_sry5zc_0.mp4
  /weka/jungbin/cosmos_motion_ft_runs/ja_phase3_bridge_v2m_m2v_native_p1ema100k_p2native200k/eval_full71_step040000_unipc30/viz/motimg2video_t3_S19_20230919_s1_jessica_webster_act3_sry5zc_0.mp4
  /weka/jungbin/cosmos_motion_ft_runs/ja_phase3_bridge_v2m_m2v_native_p1ema100k_p2native200k/eval_full71_step040000_unipc30/viz/video2motion_t4_S13_20230717_s0_danielle_ortiz_act1_kn2tq7_0.mp4
  /weka/jungbin/cosmos_motion_ft_runs/ja_phase3_bridge_v2m_m2v_native_p1ema100k_p2native200k/eval_full71_step040000_unipc30/viz/motimg2video_t4_S13_20230717_s0_danielle_ortiz_act1_kn2tq7_0.mp4
  /weka/jungbin/cosmos_motion_ft_runs/ja_phase3_bridge_v2m_m2v_native_p1ema100k_p2native200k/eval_full71_step040000_unipc30/viz/video2motion_t5_S02_20231011_s1_daniel_kim_act2_6lxp22_101.mp4
  /weka/jungbin/cosmos_motion_ft_runs/ja_phase3_bridge_v2m_m2v_native_p1ema100k_p2native200k/eval_full71_step040000_unipc30/viz/motimg2video_t5_S02_20231011_s1_daniel_kim_act2_6lxp22_101.mp4
  /weka/jungbin/cosmos_motion_ft_runs/ja_phase3_bridge_v2m_m2v_native_p1ema100k_p2native200k/eval_full71_step040000_unipc30/viz/video2motion_t6_S14_20230726_s1_thomas_nixon_act1_k0zomm_0.mp4
  /weka/jungbin/cosmos_motion_ft_runs/ja_phase3_bridge_v2m_m2v_native_p1ema100k_p2native200k/eval_full71_step040000_unipc30/viz/motimg2video_t6_S14_20230726_s1_thomas_nixon_act1_k0zomm_0.mp4
  /weka/jungbin/cosmos_motion_ft_runs/ja_phase3_bridge_v2m_m2v_native_p1ema100k_p2native200k/eval_full71_step040000_unipc30/viz/video2motion_t7_S02_20230614_s1_matthew_harper_act1_cimupu_0.mp4
  /weka/jungbin/cosmos_motion_ft_runs/ja_phase3_bridge_v2m_m2v_native_p1ema100k_p2native200k/eval_full71_step040000_unipc30/viz/motimg2video_t7_S02_20230614_s1_matthew_harper_act1_cimupu_0.mp4
  /weka/jungbin/cosmos_motion_ft_runs/ja_phase3_bridge_v2m_m2v_native_p1ema100k_p2native200k/eval_full71_step040000_unipc30/viz/video2motion_t8_S02_20231003_s1_allen_evans_act0_1w2b7b_0.mp4
  /weka/jungbin/cosmos_motion_ft_runs/ja_phase3_bridge_v2m_m2v_native_p1ema100k_p2native200k/eval_full71_step040000_unipc30/viz/motimg2video_t8_S02_20231003_s1_allen_evans_act0_1w2b7b_0.mp4
  /weka/jungbin/cosmos_motion_ft_runs/ja_phase3_bridge_v2m_m2v_native_p1ema100k_p2native200k/eval_full71_step040000_unipc30/viz/video2motion_t9_S02_20231128_s1_michael_vargas_act0_yvskcx_0.mp4
  /weka/jungbin/cosmos_motion_ft_runs/ja_phase3_bridge_v2m_m2v_native_p1ema100k_p2native200k/eval_full71_step040000_unipc30/viz/motimg2video_t9_S02_20231128_s1_michael_vargas_act0_yvskcx_0.mp4
  /weka/jungbin/cosmos_motion_ft_runs/ja_phase3_bridge_v2m_m2v_native_p1ema100k_p2native200k/eval_full71_step040000_unipc30/viz/video2motion_t10_S11_20230816_s1_jeffery_bryant_act1_2a6fxu_0.mp4
  /weka/jungbin/cosmos_motion_ft_runs/ja_phase3_bridge_v2m_m2v_native_p1ema100k_p2native200k/eval_full71_step040000_unipc30/viz/motimg2video_t10_S11_20230816_s1_jeffery_bryant_act1_2a6fxu_0.mp4
  /weka/jungbin/cosmos_motion_ft_runs/ja_phase3_bridge_v2m_m2v_native_p1ema100k_p2native200k/eval_full71_step040000_unipc30/viz/video2motion_t11_S05_20230817_s1_rebecca_ward_act2_39a7o2_200.mp4
  /weka/jungbin/cosmos_motion_ft_runs/ja_phase3_bridge_v2m_m2v_native_p1ema100k_p2native200k/eval_full71_step040000_unipc30/viz/motimg2video_t11_S05_20230817_s1_rebecca_ward_act2_39a7o2_200.mp4
  /weka/jungbin/cosmos_motion_ft_runs/ja_phase3_bridge_v2m_m2v_native_p1ema100k_p2native200k/eval_full71_step040000_unipc30/viz/video2motion_t12_S08_20230728_s0_lauren_mayer_act0_wv6a30_0.mp4
  /weka/jungbin/cosmos_motion_ft_runs/ja_phase3_bridge_v2m_m2v_native_p1ema100k_p2native200k/eval_full71_step040000_unipc30/viz/motimg2video_t12_S08_20230728_s0_lauren_mayer_act0_wv6a30_0.mp4
  /weka/jungbin/cosmos_motion_ft_runs/ja_phase3_bridge_v2m_m2v_native_p1ema100k_p2native200k/eval_full71_step040000_unipc30/viz/video2motion_t13_S12_20231004_s0_corey_coleman_act3_45q7f3_0.mp4
  /weka/jungbin/cosmos_motion_ft_runs/ja_phase3_bridge_v2m_m2v_native_p1ema100k_p2native200k/eval_full71_step040000_unipc30/viz/motimg2video_t13_S12_20231004_s0_corey_coleman_act3_45q7f3_0.mp4
  /weka/jungbin/cosmos_motion_ft_runs/ja_phase3_bridge_v2m_m2v_native_p1ema100k_p2native200k/eval_full71_step040000_unipc30/viz/video2motion_t14_S10_20230719_s0_shane_smith_act3_sfxa5j_0.mp4
  /weka/jungbin/cosmos_motion_ft_runs/ja_phase3_bridge_v2m_m2v_native_p1ema100k_p2native200k/eval_full71_step040000_unipc30/viz/motimg2video_t14_S10_20230719_s0_shane_smith_act3_sfxa5j_0.mp4
  /weka/jungbin/cosmos_motion_ft_runs/ja_phase3_bridge_v2m_m2v_native_p1ema100k_p2native200k/eval_full71_step040000_unipc30/viz/video2motion_t15_S16_20230926_s1_megan_mejia_act1_bxit2f_180.mp4
  /weka/jungbin/cosmos_motion_ft_runs/ja_phase3_bridge_v2m_m2v_native_p1ema100k_p2native200k/eval_full71_step040000_unipc30/viz/motimg2video_t15_S16_20230926_s1_megan_mejia_act1_bxit2f_180.mp4
  /weka/jungbin/cosmos_motion_ft_runs/ja_phase3_bridge_v2m_m2v_native_p1ema100k_p2native200k/eval_full71_step040000_unipc30/viz/video2motion_t16_S02_20231102_s0_samuel_rogers_act0_x6hia4_0.mp4
  /weka/jungbin/cosmos_motion_ft_runs/ja_phase3_bridge_v2m_m2v_native_p1ema100k_p2native200k/eval_full71_step040000_unipc30/viz/motimg2video_t16_S02_20231102_s0_samuel_rogers_act0_x6hia4_0.mp4
  /weka/jungbin/cosmos_motion_ft_runs/ja_phase3_bridge_v2m_m2v_native_p1ema100k_p2native200k/eval_full71_step040000_unipc30/viz/video2motion_t17_S05_20230803_s1_jennifer_sexton_act2_s5pwb5_0.mp4
  /weka/jungbin/cosmos_motion_ft_runs/ja_phase3_bridge_v2m_m2v_native_p1ema100k_p2native200k/eval_full71_step040000_unipc30/viz/motimg2video_t17_S05_20230803_s1_jennifer_sexton_act2_s5pwb5_0.mp4
  /weka/jungbin/cosmos_motion_ft_runs/ja_phase3_bridge_v2m_m2v_native_p1ema100k_p2native200k/eval_full71_step040000_unipc30/viz/video2motion_t18_S01_20230705_s0_william_davis_act4_h94ovw_0.mp4
  /weka/jungbin/cosmos_motion_ft_runs/ja_phase3_bridge_v2m_m2v_native_p1ema100k_p2native200k/eval_full71_step040000_unipc30/viz/motimg2video_t18_S01_20230705_s0_william_davis_act4_h94ovw_0.mp4
  /weka/jungbin/cosmos_motion_ft_runs/ja_phase3_bridge_v2m_m2v_native_p1ema100k_p2native200k/eval_full71_step040000_unipc30/viz/video2motion_t19_S01_20230607_s1_barbara_wheeler_act4_5adv12_100.mp4
  /weka/jungbin/cosmos_motion_ft_runs/ja_phase3_bridge_v2m_m2v_native_p1ema100k_p2native200k/eval_full71_step040000_unipc30/viz/motimg2video_t19_S01_20230607_s1_barbara_wheeler_act4_5adv12_100.mp4
==============================================================================
[p3hdcmp] COMPLETE output=/weka/jungbin/cosmos_motion_ft_runs/ja_phase3_bridge_v2m_m2v_native_p1ema100k_p2native200k/eval_full71_step040000_unipc30 date=Sun Jul 19 16:29:12 KST 2026
merged motion-clean71 metrics into /weka/jungbin/cosmos_motion_ft_runs/ja_phase3_bridge_v2m_m2v_native_p1ema100k_p2native200k_headcam/eval_full71_step040000_unipc30
{
  "motion": {
    "mpjpe_m": {
      "mean": 0.19704709118100958,
      "median": 0.17717419564723969
    },
    "pa_mpjpe_m": {
      "mean": 0.10524626108638634,
      "median": 0.09355705851999226
    },
    "feat_mse": {
      "mean": 0.39768671674627654,
      "median": 0.3187209665775299
    },
    "accel_err": {
      "mean": 0.006445993993982253,
      "median": 0.006113129202276468
    },
    "accel_pred": {
      "mean": 0.005094519572030805,
      "median": 0.004977284464985132
    },
    "accel_gt": {
      "mean": 0.005233866087174121,
      "median": 0.004704644903540611
    },
    "root_err_m": {
      "mean": 0.17469184740748203,
      "median": 0.15016722679138184
    }
  },
  "video": {
    "psnr_db": {
      "mean": 16.511343798866857,
      "median": 16.183369507392246,
      "std": 2.192411709166915,
      "min": 12.032563557227453,
      "max": 21.984041819969814
    },
    "ssim": {
      "mean": 0.5223146964918314,
      "median": 0.5278535683949789,
      "std": 0.09538599691937942,
      "min": 0.2146531529724598,
      "max": 0.7207549965629975
    },
    "lpips_alex": {
      "mean": 0.40008033426030876,
      "median": 0.4225849244588365,
      "std": 0.09864375442932716,
      "min": 0.11661393804630886,
      "max": 0.5583897664522132
    }
  },
  "head_camera": {
    "translation_m": {
      "mean": 0.005907304061930889,
      "median": 0.005626612808555365,
      "p90": 0.008455084636807442
    },
    "rotation_deg": {
      "mean": 0.8734465283407292,
      "median": 0.8109663128852844,
      "p90": 1.240404725074768
    },
    "gt_calibration_translation_m": {
      "mean": 0.004444743872252883,
      "median": 0.003638802794739604,
      "p90": 0.0083039291203022
    },
    "gt_calibration_rotation_deg": {
      "mean": 1.2354749844107829,
      "median": 1.2031878232955933,
      "p90": 1.8174091577529907
    }
  }
}
merged motion-clean71 metrics into /weka/jungbin/cosmos_motion_ft_runs/ja_phase3_bridge_v2m_m2v_native_p1ema100k_p2native200k/eval_full71_step200000_unipc30
{
  "motion": {
    "mpjpe_m": {
      "mean": 0.18769713847989766,
      "median": 0.1635926067829132
    },
    "pa_mpjpe_m": {
      "mean": 0.0898612304811135,
      "median": 0.07843434544308067
    },
    "feat_mse": {
      "mean": 0.3302136096106449,
      "median": 0.2760200798511505
    },
    "accel_err": {
      "mean": 0.00626173388199802,
      "median": 0.00588282011449337
    },
    "accel_pred": {
      "mean": 0.00511861197374971,
      "median": 0.004875326529145241
    },
    "accel_gt": {
      "mean": 0.005233866087174121,
      "median": 0.004704644903540611
    },
    "root_err_m": {
      "mean": 0.163339538263603,
      "median": 0.13294394314289093
    }
  },
  "video": {
    "psnr_db": {
      "mean": 16.64945683736757,
      "median": 16.463014592727024,
      "std": 1.9770006912265738,
      "min": 12.472138981024424,
      "max": 21.319986760616302
    },
    "ssim": {
      "mean": 0.5218232032195818,
      "median": 0.531434160657227,
      "std": 0.08902050786522699,
      "min": 0.23564323969185352,
      "max": 0.718220624451836
    },
    "lpips_alex": {
      "mean": 0.3847015430852104,
      "median": 0.3936011296076079,
      "std": 0.08959398030438508,
      "min": 0.13403147843200713,
      "max": 0.5344754982118806
    }
  },
  "head_camera": {
    "translation_m": {
      "mean": 0.006394033856414468,
      "median": 0.0062218583188951015,
      "p90": 0.010228111408650875
    },
    "rotation_deg": {
      "mean": 1.2812891690663888,
      "median": 1.225719928741455,
      "p90": 1.8330715894699097
    },
    "gt_calibration_translation_m": {
      "mean": 0.004444743872252883,
      "median": 0.003638802794739604,
      "p90": 0.0083039291203022
    },
    "gt_calibration_rotation_deg": {
      "mean": 1.2354749844107829,
      "median": 1.2031878232955933,
      "p90": 1.8174091577529907
    }
  }
}
merged motion-clean71 metrics into /weka/jungbin/cosmos_motion_ft_runs/ja_phase3_bridge_v2m_m2v_native_p1ema100k_p2native200k/eval_full71_step040000_unipc30
{
  "motion": {
    "mpjpe_m": {
      "mean": 0.20534982406337496,
      "median": 0.17956683039665222
    },
    "pa_mpjpe_m": {
      "mean": 0.10701223258930137,
      "median": 0.0992818388480332
    },
    "feat_mse": {
      "mean": 0.3679119946671204,
      "median": 0.3285759389400482
    },
    "accel_err": {
      "mean": 0.006482376556345065,
      "median": 0.006089363247156143
    },
    "accel_pred": {
      "mean": 0.0051562402620386905,
      "median": 0.0049513219855725765
    },
    "accel_gt": {
      "mean": 0.005233866087174121,
      "median": 0.004704644903540611
    },
    "root_err_m": {
      "mean": 0.17938429101462094,
      "median": 0.1527080088853836
    }
  },
  "video": {
    "psnr_db": {
      "mean": 15.864136593442565,
      "median": 15.607199917236963,
      "std": 2.026424424397561,
      "min": 11.824923912684122,
      "max": 21.27396680911382
    },
    "ssim": {
      "mean": 0.501324216000071,
      "median": 0.5068692242105802,
      "std": 0.0916530478080559,
      "min": 0.20440647456174096,
      "max": 0.7127031081666549
    },
    "lpips_alex": {
      "mean": 0.43655858297371564,
      "median": 0.45911366888321936,
      "std": 0.09187443589905868,
      "min": 0.14879385471188775,
      "max": 0.603931890334934
    }
  },
  "head_camera": {
    "translation_m": {
      "mean": 0.007229271241542424,
      "median": 0.006810829043388367,
      "p90": 0.011310664005577564
    },
    "rotation_deg": {
      "mean": 1.364164453576988,
      "median": 1.3339757919311523,
      "p90": 1.8408126831054688
    },
    "gt_calibration_translation_m": {
      "mean": 0.004444743872252883,
      "median": 0.003638802794739604,
      "p90": 0.0083039291203022
    },
    "gt_calibration_rotation_deg": {
      "mean": 1.2354749844107829,
      "median": 1.2031878232955933,
      "p90": 1.8174091577529907
    }
  }
}
{
  "motion": {
    "mpjpe_m": {
      "direction": "lower",
      "baseline": 0.18769713847989766,
      "candidate": 0.19704709118100958,
      "candidate_minus_baseline": 0.009349952701111913,
      "relative_change_pct": 4.981403966429298,
      "candidate_improvement_pct": -4.981403966429298
    },
    "pa_mpjpe_m": {
      "direction": "lower",
      "baseline": 0.0898612304811135,
      "candidate": 0.10524626108638634,
      "candidate_minus_baseline": 0.01538503060527284,
      "relative_change_pct": 17.120876848560822,
      "candidate_improvement_pct": -17.120876848560822
    },
    "feat_mse": {
      "direction": "lower",
      "baseline": 0.3302136096106449,
      "candidate": 0.39768671674627654,
      "candidate_minus_baseline": 0.06747310713563165,
      "relative_change_pct": 20.433169673166784,
      "candidate_improvement_pct": -20.433169673166784
    },
    "accel_err": {
      "direction": "lower",
      "baseline": 0.00626173388199802,
      "candidate": 0.006445993993982253,
      "candidate_minus_baseline": 0.00018426011198423298,
      "relative_change_pct": 2.9426372224786803,
      "candidate_improvement_pct": -2.9426372224786803
    },
    "root_err_m": {
      "direction": "lower",
      "baseline": 0.163339538263603,
      "candidate": 0.17469184740748203,
      "candidate_minus_baseline": 0.011352309143879025,
      "relative_change_pct": 6.95012932236791,
      "candidate_improvement_pct": -6.95012932236791
    }
  },
  "video": {
    "psnr_db": {
      "direction": "higher",
      "baseline": 16.64945683736757,
      "candidate": 16.511343798866857,
      "candidate_minus_baseline": -0.13811303850071255,
      "relative_change_pct": -0.8295348001427624,
      "candidate_improvement_pct": -0.8295348001427624
    },
    "ssim": {
      "direction": "higher",
      "baseline": 0.5218232032195818,
      "candidate": 0.5223146964918314,
      "candidate_minus_baseline": 0.0004914932722496212,
      "relative_change_pct": 0.09418769982192651,
      "candidate_improvement_pct": 0.09418769982192651
    },
    "lpips_alex": {
      "direction": "lower",
      "baseline": 0.3847015430852104,
      "candidate": 0.40008033426030876,
      "candidate_minus_baseline": 0.015378791175098383,
      "relative_change_pct": 3.997590197264174,
      "candidate_improvement_pct": -3.997590197264174
    }
  },
  "head_camera": {
    "translation_m": {
      "direction": "lower",
      "baseline": 0.006394033856414468,
      "candidate": 0.005907304061930889,
      "candidate_minus_baseline": -0.0004867297944835796,
      "relative_change_pct": -7.6122492531892725,
      "candidate_improvement_pct": 7.6122492531892725
    },
    "rotation_deg": {
      "direction": "lower",
      "baseline": 1.2812891690663888,
      "candidate": 0.8734465283407292,
      "candidate_minus_baseline": -0.40784264072565957,
      "relative_change_pct": -31.830647645514247,
      "candidate_improvement_pct": 31.830647645514247
    }
  }
}
comparison -> /weka/jungbin/cosmos_motion_ft_runs/ja_phase3_bridge_v2m_m2v_native_p1ema100k_p2native200k_headcam/compare_headcam_step040000_vs_baseline_step200000.json
{
  "motion": {
    "mpjpe_m": {
      "direction": "lower",
      "baseline": 0.20534982406337496,
      "candidate": 0.19704709118100958,
      "candidate_minus_baseline": -0.008302732882365382,
      "relative_change_pct": -4.043214022819419,
      "candidate_improvement_pct": 4.043214022819419
    },
    "pa_mpjpe_m": {
      "direction": "lower",
      "baseline": 0.10701223258930137,
      "candidate": 0.10524626108638634,
      "candidate_minus_baseline": -0.0017659715029150341,
      "relative_change_pct": -1.6502519947346548,
      "candidate_improvement_pct": 1.6502519947346548
    },
    "feat_mse": {
      "direction": "lower",
      "baseline": 0.3679119946671204,
      "candidate": 0.39768671674627654,
      "candidate_minus_baseline": 0.029774722079156157,
      "relative_change_pct": 8.09289246089836,
      "candidate_improvement_pct": -8.09289246089836
    },
    "accel_err": {
      "direction": "lower",
      "baseline": 0.006482376556345065,
      "candidate": 0.006445993993982253,
      "candidate_minus_baseline": -3.63825623628123e-05,
      "relative_change_pct": -0.5612534546022385,
      "candidate_improvement_pct": 0.5612534546022385
    },
    "root_err_m": {
      "direction": "lower",
      "baseline": 0.17938429101462094,
      "candidate": 0.17469184740748203,
      "candidate_minus_baseline": -0.004692443607138913,
      "relative_change_pct": -2.615860943340044,
      "candidate_improvement_pct": 2.615860943340044
    }
  },
  "video": {
    "psnr_db": {
      "direction": "higher",
      "baseline": 15.864136593442565,
      "candidate": 16.511343798866857,
      "candidate_minus_baseline": 0.6472072054242926,
      "relative_change_pct": 4.079687549411391,
      "candidate_improvement_pct": 4.079687549411391
    },
    "ssim": {
      "direction": "higher",
      "baseline": 0.501324216000071,
      "candidate": 0.5223146964918314,
      "candidate_minus_baseline": 0.020990480491760333,
      "relative_change_pct": 4.187007094777436,
      "candidate_improvement_pct": 4.187007094777436
    },
    "lpips_alex": {
      "direction": "lower",
      "baseline": 0.43655858297371564,
      "candidate": 0.40008033426030876,
      "candidate_minus_baseline": -0.03647824871340688,
      "relative_change_pct": -8.355865658379042,
      "candidate_improvement_pct": 8.355865658379042
    }
  },
  "head_camera": {
    "translation_m": {
      "direction": "lower",
      "baseline": 0.007229271241542424,
      "candidate": 0.005907304061930889,
      "candidate_minus_baseline": -0.0013219671796115351,
      "relative_change_pct": -18.286313176561386,
      "candidate_improvement_pct": 18.286313176561386
    },
    "rotation_deg": {
      "direction": "lower",
      "baseline": 1.364164453576988,
      "candidate": 0.8734465283407292,
      "candidate_minus_baseline": -0.4907179252362587,
      "relative_change_pct": -35.97205043347543,
      "candidate_improvement_pct": 35.97205043347543
    }
  }
}
comparison -> /weka/jungbin/cosmos_motion_ft_runs/ja_phase3_bridge_v2m_m2v_native_p1ema100k_p2native200k_headcam/compare_step040000_vs_baseline_step040000.json
[p3hdcmp] PASS latest_comparison=/weka/jungbin/cosmos_motion_ft_runs/ja_phase3_bridge_v2m_m2v_native_p1ema100k_p2native200k_headcam/compare_headcam_step040000_vs_baseline_step200000.json date=Sun Jul 19 16:29:21 KST 2026
[p3hdcmp] PASS same_step_comparison=/weka/jungbin/cosmos_motion_ft_runs/ja_phase3_bridge_v2m_m2v_native_p1ema100k_p2native200k_headcam/compare_step040000_vs_baseline_step040000.json date=Sun Jul 19 16:29:21 KST 2026
